id,target,creator,description
https://geoconnex.us/usbr/rise/locations/1,https://data.usbr.gov/location/1,CGS-IoW,USBR Locations in RISE Catalog
https://geoconnex.us/usbr/rise/locations/2,https://data.usbr.gov/location/2,CGS-IoW,USBR Locations in RISE Catalog
https://geoconnex.us/usbr/rise/locations/3,https://data.usbr.gov/location/3,CGS-IoW,USBR Locations in RISE Catalog
https://geoconnex.us/usbr/rise/locations/5,https://data.usbr.gov/location/5,CGS-IoW,USBR Locations in RISE Catalog
https://geoconnex.us/usbr/rise/locations/6,https://data.usbr.gov/location/6,CGS-IoW,USBR Locations in RISE Catalog
https://geoconnex.us/usbr/rise/locations/7,https://data.usbr.gov/location/7,CGS-IoW,USBR Locations in RISE Catalog
https://geoconnex.us/usbr/rise/locations/257,https://data.usbr.gov/location/257,CGS-IoW,USBR Locations in RISE Catalog
https://geoconnex.us/usbr/rise/locations/259,https://data.usbr.gov/location/259,CGS-IoW,USBR Locations in RISE Catalog
https://geoconnex.us/usbr/rise/locations/262,https://data.usbr.gov/location/262,CGS-IoW,USBR Locations in RISE Catalog
https://geoconnex.us/usbr/rise/locations/266,https://data.usbr.gov/location/266,CGS-IoW,USBR Locations in RISE Catalog
https://geoconnex.us/usbr/rise/locations/267,https://data.usbr.gov/location/267,CGS-IoW,USBR Locations in RISE Catalog
https://geoconnex.us/usbr/rise/locations/268,https://data.usbr.gov/location/268,CGS-IoW,USBR Locations in RISE Catalog
https://geoconnex.us/usbr/rise/locations/269,https://data.usbr.gov/location/269,CGS-IoW,USBR Locations in RISE Catalog
https://geoconnex.us/usbr/rise/locations/271,https://data.usbr.gov/location/271,CGS-IoW,USBR Locations in RISE Catalog
https://geoconnex.us/usbr/rise/locations/272,https://data.usbr.gov/location/272,CGS-IoW,USBR Locations in RISE Catalog
https://geoconnex.us/usbr/rise/locations/274,https://data.usbr.gov/location/274,CGS-IoW,USBR Locations in RISE Catalog
https://geoconnex.us/usbr/rise/locations/275,https://data.usbr.gov/location/275,CGS-IoW,USBR Locations in RISE Catalog
https://geoconnex.us/usbr/rise/locations/276,https://data.usbr.gov/location/276,CGS-IoW,USBR Locations in RISE Catalog
https://geoconnex.us/usbr/rise/locations/277,https://data.usbr.gov/location/277,CGS-IoW,USBR Locations in RISE Catalog
https://geoconnex.us/usbr/rise/locations/278,https://data.usbr.gov/location/278,CGS-IoW,USBR Locations in RISE Catalog
https://geoconnex.us/usbr/rise/locations/281,https://data.usbr.gov/location/281,CGS-IoW,USBR Locations in RISE Catalog
https://geoconnex.us/usbr/rise/locations/282,https://data.usbr.gov/location/282,CGS-IoW,USBR Locations in RISE Catalog
https://geoconnex.us/usbr/rise/locations/286,https://data.usbr.gov/location/286,CGS-IoW,USBR Locations in RISE Catalog
https://geoconnex.us/usbr/rise/locations/287,https://data.usbr.gov/location/287,CGS-IoW,USBR Locations in RISE Catalog
https://geoconnex.us/usbr/rise/locations/288,https://data.usbr.gov/location/288,CGS-IoW,USBR Locations in RISE Catalog
https://geoconnex.us/usbr/rise/locations/289,https://data.usbr.gov/location/289,CGS-IoW,USBR Locations in RISE Catalog
https://geoconnex.us/usbr/rise/locations/291,https://data.usbr.gov/location/291,CGS-IoW,USBR Locations in RISE Catalog
https://geoconnex.us/usbr/rise/locations/292,https://data.usbr.gov/location/292,CGS-IoW,USBR Locations in RISE Catalog
https://geoconnex.us/usbr/rise/locations/293,https://data.usbr.gov/location/293,CGS-IoW,USBR Locations in RISE Catalog
https://geoconnex.us/usbr/rise/locations/294,https://data.usbr.gov/location/294,CGS-IoW,USBR Locations in RISE Catalog
https://geoconnex.us/usbr/rise/locations/295,https://data.usbr.gov/location/295,CGS-IoW,USBR Locations in RISE Catalog
https://geoconnex.us/usbr/rise/locations/305,https://data.usbr.gov/location/305,CGS-IoW,USBR Locations in RISE Catalog
https://geoconnex.us/usbr/rise/locations/310,https://data.usbr.gov/location/310,CGS-IoW,USBR Locations in RISE Catalog
https://geoconnex.us/usbr/rise/locations/311,https://data.usbr.gov/location/311,CGS-IoW,USBR Locations in RISE Catalog
https://geoconnex.us/usbr/rise/locations/314,https://data.usbr.gov/location/314,CGS-IoW,USBR Locations in RISE Catalog
https://geoconnex.us/usbr/rise/locations/315,https://data.usbr.gov/location/315,CGS-IoW,USBR Locations in RISE Catalog
https://geoconnex.us/usbr/rise/locations/318,https://data.usbr.gov/location/318,CGS-IoW,USBR Locations in RISE Catalog
https://geoconnex.us/usbr/rise/locations/319,https://data.usbr.gov/location/319,CGS-IoW,USBR Locations in RISE Catalog
https://geoconnex.us/usbr/rise/locations/320,https://data.usbr.gov/location/320,CGS-IoW,USBR Locations in RISE Catalog
https://geoconnex.us/usbr/rise/locations/321,https://data.usbr.gov/location/321,CGS-IoW,USBR Locations in RISE Catalog
https://geoconnex.us/usbr/rise/locations/323,https://data.usbr.gov/location/323,CGS-IoW,USBR Locations in RISE Catalog
https://geoconnex.us/usbr/rise/locations/324,https://data.usbr.gov/location/324,CGS-IoW,USBR Locations in RISE Catalog
https://geoconnex.us/usbr/rise/locations/331,https://data.usbr.gov/location/331,CGS-IoW,USBR Locations in RISE Catalog
https://geoconnex.us/usbr/rise/locations/334,https://data.usbr.gov/location/334,CGS-IoW,USBR Locations in RISE Catalog
https://geoconnex.us/usbr/rise/locations/337,https://data.usbr.gov/location/337,CGS-IoW,USBR Locations in RISE Catalog
https://geoconnex.us/usbr/rise/locations/338,https://data.usbr.gov/location/338,CGS-IoW,USBR Locations in RISE Catalog
https://geoconnex.us/usbr/rise/locations/342,https://data.usbr.gov/location/342,CGS-IoW,USBR Locations in RISE Catalog
https://geoconnex.us/usbr/rise/locations/344,https://data.usbr.gov/location/344,CGS-IoW,USBR Locations in RISE Catalog
https://geoconnex.us/usbr/rise/locations/345,https://data.usbr.gov/location/345,CGS-IoW,USBR Locations in RISE Catalog
https://geoconnex.us/usbr/rise/locations/351,https://data.usbr.gov/location/351,CGS-IoW,USBR Locations in RISE Catalog
https://geoconnex.us/usbr/rise/locations/353,https://data.usbr.gov/location/353,CGS-IoW,USBR Locations in RISE Catalog
https://geoconnex.us/usbr/rise/locations/357,https://data.usbr.gov/location/357,CGS-IoW,USBR Locations in RISE Catalog
https://geoconnex.us/usbr/rise/locations/365,https://data.usbr.gov/location/365,CGS-IoW,USBR Locations in RISE Catalog
https://geoconnex.us/usbr/rise/locations/369,https://data.usbr.gov/location/369,CGS-IoW,USBR Locations in RISE Catalog
https://geoconnex.us/usbr/rise/locations/370,https://data.usbr.gov/location/370,CGS-IoW,USBR Locations in RISE Catalog
https://geoconnex.us/usbr/rise/locations/372,https://data.usbr.gov/location/372,CGS-IoW,USBR Locations in RISE Catalog
https://geoconnex.us/usbr/rise/locations/378,https://data.usbr.gov/location/378,CGS-IoW,USBR Locations in RISE Catalog
https://geoconnex.us/usbr/rise/locations/379,https://data.usbr.gov/location/379,CGS-IoW,USBR Locations in RISE Catalog
https://geoconnex.us/usbr/rise/locations/383,https://data.usbr.gov/location/383,CGS-IoW,USBR Locations in RISE Catalog
https://geoconnex.us/usbr/rise/locations/384,https://data.usbr.gov/location/384,CGS-IoW,USBR Locations in RISE Catalog
https://geoconnex.us/usbr/rise/locations/387,https://data.usbr.gov/location/387,CGS-IoW,USBR Locations in RISE Catalog
https://geoconnex.us/usbr/rise/locations/388,https://data.usbr.gov/location/388,CGS-IoW,USBR Locations in RISE Catalog
https://geoconnex.us/usbr/rise/locations/390,https://data.usbr.gov/location/390,CGS-IoW,USBR Locations in RISE Catalog
https://geoconnex.us/usbr/rise/locations/391,https://data.usbr.gov/location/391,CGS-IoW,USBR Locations in RISE Catalog
https://geoconnex.us/usbr/rise/locations/392,https://data.usbr.gov/location/392,CGS-IoW,USBR Locations in RISE Catalog
https://geoconnex.us/usbr/rise/locations/393,https://data.usbr.gov/location/393,CGS-IoW,USBR Locations in RISE Catalog
https://geoconnex.us/usbr/rise/locations/394,https://data.usbr.gov/location/394,CGS-IoW,USBR Locations in RISE Catalog
https://geoconnex.us/usbr/rise/locations/395,https://data.usbr.gov/location/395,CGS-IoW,USBR Locations in RISE Catalog
https://geoconnex.us/usbr/rise/locations/396,https://data.usbr.gov/location/396,CGS-IoW,USBR Locations in RISE Catalog
https://geoconnex.us/usbr/rise/locations/397,https://data.usbr.gov/location/397,CGS-IoW,USBR Locations in RISE Catalog
https://geoconnex.us/usbr/rise/locations/398,https://data.usbr.gov/location/398,CGS-IoW,USBR Locations in RISE Catalog
https://geoconnex.us/usbr/rise/locations/399,https://data.usbr.gov/location/399,CGS-IoW,USBR Locations in RISE Catalog
https://geoconnex.us/usbr/rise/locations/400,https://data.usbr.gov/location/400,CGS-IoW,USBR Locations in RISE Catalog
https://geoconnex.us/usbr/rise/locations/402,https://data.usbr.gov/location/402,CGS-IoW,USBR Locations in RISE Catalog
https://geoconnex.us/usbr/rise/locations/404,https://data.usbr.gov/location/404,CGS-IoW,USBR Locations in RISE Catalog
https://geoconnex.us/usbr/rise/locations/408,https://data.usbr.gov/location/408,CGS-IoW,USBR Locations in RISE Catalog
https://geoconnex.us/usbr/rise/locations/410,https://data.usbr.gov/location/410,CGS-IoW,USBR Locations in RISE Catalog
https://geoconnex.us/usbr/rise/locations/411,https://data.usbr.gov/location/411,CGS-IoW,USBR Locations in RISE Catalog
https://geoconnex.us/usbr/rise/locations/413,https://data.usbr.gov/location/413,CGS-IoW,USBR Locations in RISE Catalog
https://geoconnex.us/usbr/rise/locations/416,https://data.usbr.gov/location/416,CGS-IoW,USBR Locations in RISE Catalog
https://geoconnex.us/usbr/rise/locations/417,https://data.usbr.gov/location/417,CGS-IoW,USBR Locations in RISE Catalog
https://geoconnex.us/usbr/rise/locations/418,https://data.usbr.gov/location/418,CGS-IoW,USBR Locations in RISE Catalog
https://geoconnex.us/usbr/rise/locations/419,https://data.usbr.gov/location/419,CGS-IoW,USBR Locations in RISE Catalog
https://geoconnex.us/usbr/rise/locations/421,https://data.usbr.gov/location/421,CGS-IoW,USBR Locations in RISE Catalog
https://geoconnex.us/usbr/rise/locations/422,https://data.usbr.gov/location/422,CGS-IoW,USBR Locations in RISE Catalog
https://geoconnex.us/usbr/rise/locations/423,https://data.usbr.gov/location/423,CGS-IoW,USBR Locations in RISE Catalog
https://geoconnex.us/usbr/rise/locations/424,https://data.usbr.gov/location/424,CGS-IoW,USBR Locations in RISE Catalog
https://geoconnex.us/usbr/rise/locations/425,https://data.usbr.gov/location/425,CGS-IoW,USBR Locations in RISE Catalog
https://geoconnex.us/usbr/rise/locations/429,https://data.usbr.gov/location/429,CGS-IoW,USBR Locations in RISE Catalog
https://geoconnex.us/usbr/rise/locations/431,https://data.usbr.gov/location/431,CGS-IoW,USBR Locations in RISE Catalog
https://geoconnex.us/usbr/rise/locations/433,https://data.usbr.gov/location/433,CGS-IoW,USBR Locations in RISE Catalog
https://geoconnex.us/usbr/rise/locations/435,https://data.usbr.gov/location/435,CGS-IoW,USBR Locations in RISE Catalog
https://geoconnex.us/usbr/rise/locations/437,https://data.usbr.gov/location/437,CGS-IoW,USBR Locations in RISE Catalog
https://geoconnex.us/usbr/rise/locations/438,https://data.usbr.gov/location/438,CGS-IoW,USBR Locations in RISE Catalog
https://geoconnex.us/usbr/rise/locations/443,https://data.usbr.gov/location/443,CGS-IoW,USBR Locations in RISE Catalog
https://geoconnex.us/usbr/rise/locations/444,https://data.usbr.gov/location/444,CGS-IoW,USBR Locations in RISE Catalog
https://geoconnex.us/usbr/rise/locations/445,https://data.usbr.gov/location/445,CGS-IoW,USBR Locations in RISE Catalog
https://geoconnex.us/usbr/rise/locations/447,https://data.usbr.gov/location/447,CGS-IoW,USBR Locations in RISE Catalog
https://geoconnex.us/usbr/rise/locations/448,https://data.usbr.gov/location/448,CGS-IoW,USBR Locations in RISE Catalog
https://geoconnex.us/usbr/rise/locations/453,https://data.usbr.gov/location/453,CGS-IoW,USBR Locations in RISE Catalog
https://geoconnex.us/usbr/rise/locations/456,https://data.usbr.gov/location/456,CGS-IoW,USBR Locations in RISE Catalog
https://geoconnex.us/usbr/rise/locations/458,https://data.usbr.gov/location/458,CGS-IoW,USBR Locations in RISE Catalog
https://geoconnex.us/usbr/rise/locations/466,https://data.usbr.gov/location/466,CGS-IoW,USBR Locations in RISE Catalog
https://geoconnex.us/usbr/rise/locations/467,https://data.usbr.gov/location/467,CGS-IoW,USBR Locations in RISE Catalog
https://geoconnex.us/usbr/rise/locations/471,https://data.usbr.gov/location/471,CGS-IoW,USBR Locations in RISE Catalog
https://geoconnex.us/usbr/rise/locations/473,https://data.usbr.gov/location/473,CGS-IoW,USBR Locations in RISE Catalog
https://geoconnex.us/usbr/rise/locations/475,https://data.usbr.gov/location/475,CGS-IoW,USBR Locations in RISE Catalog
https://geoconnex.us/usbr/rise/locations/476,https://data.usbr.gov/location/476,CGS-IoW,USBR Locations in RISE Catalog
https://geoconnex.us/usbr/rise/locations/477,https://data.usbr.gov/location/477,CGS-IoW,USBR Locations in RISE Catalog
https://geoconnex.us/usbr/rise/locations/483,https://data.usbr.gov/location/483,CGS-IoW,USBR Locations in RISE Catalog
https://geoconnex.us/usbr/rise/locations/484,https://data.usbr.gov/location/484,CGS-IoW,USBR Locations in RISE Catalog
https://geoconnex.us/usbr/rise/locations/485,https://data.usbr.gov/location/485,CGS-IoW,USBR Locations in RISE Catalog
https://geoconnex.us/usbr/rise/locations/486,https://data.usbr.gov/location/486,CGS-IoW,USBR Locations in RISE Catalog
https://geoconnex.us/usbr/rise/locations/488,https://data.usbr.gov/location/488,CGS-IoW,USBR Locations in RISE Catalog
https://geoconnex.us/usbr/rise/locations/489,https://data.usbr.gov/location/489,CGS-IoW,USBR Locations in RISE Catalog
https://geoconnex.us/usbr/rise/locations/490,https://data.usbr.gov/location/490,CGS-IoW,USBR Locations in RISE Catalog
https://geoconnex.us/usbr/rise/locations/491,https://data.usbr.gov/location/491,CGS-IoW,USBR Locations in RISE Catalog
https://geoconnex.us/usbr/rise/locations/498,https://data.usbr.gov/location/498,CGS-IoW,USBR Locations in RISE Catalog
https://geoconnex.us/usbr/rise/locations/499,https://data.usbr.gov/location/499,CGS-IoW,USBR Locations in RISE Catalog
https://geoconnex.us/usbr/rise/locations/500,https://data.usbr.gov/location/500,CGS-IoW,USBR Locations in RISE Catalog
https://geoconnex.us/usbr/rise/locations/501,https://data.usbr.gov/location/501,CGS-IoW,USBR Locations in RISE Catalog
https://geoconnex.us/usbr/rise/locations/504,https://data.usbr.gov/location/504,CGS-IoW,USBR Locations in RISE Catalog
https://geoconnex.us/usbr/rise/locations/506,https://data.usbr.gov/location/506,CGS-IoW,USBR Locations in RISE Catalog
https://geoconnex.us/usbr/rise/locations/507,https://data.usbr.gov/location/507,CGS-IoW,USBR Locations in RISE Catalog
https://geoconnex.us/usbr/rise/locations/508,https://data.usbr.gov/location/508,CGS-IoW,USBR Locations in RISE Catalog
https://geoconnex.us/usbr/rise/locations/509,https://data.usbr.gov/location/509,CGS-IoW,USBR Locations in RISE Catalog
https://geoconnex.us/usbr/rise/locations/512,https://data.usbr.gov/location/512,CGS-IoW,USBR Locations in RISE Catalog
https://geoconnex.us/usbr/rise/locations/515,https://data.usbr.gov/location/515,CGS-IoW,USBR Locations in RISE Catalog
https://geoconnex.us/usbr/rise/locations/1533,https://data.usbr.gov/location/1533,CGS-IoW,USBR Locations in RISE Catalog
https://geoconnex.us/usbr/rise/locations/1534,https://data.usbr.gov/location/1534,CGS-IoW,USBR Locations in RISE Catalog
https://geoconnex.us/usbr/rise/locations/1535,https://data.usbr.gov/location/1535,CGS-IoW,USBR Locations in RISE Catalog
https://geoconnex.us/usbr/rise/locations/1536,https://data.usbr.gov/location/1536,CGS-IoW,USBR Locations in RISE Catalog
https://geoconnex.us/usbr/rise/locations/3125,https://data.usbr.gov/location/3125,CGS-IoW,USBR Locations in RISE Catalog
https://geoconnex.us/usbr/rise/locations/3177,https://data.usbr.gov/location/3177,CGS-IoW,USBR Locations in RISE Catalog
https://geoconnex.us/usbr/rise/locations/3178,https://data.usbr.gov/location/3178,CGS-IoW,USBR Locations in RISE Catalog
https://geoconnex.us/usbr/rise/locations/3180,https://data.usbr.gov/location/3180,CGS-IoW,USBR Locations in RISE Catalog
https://geoconnex.us/usbr/rise/locations/3181,https://data.usbr.gov/location/3181,CGS-IoW,USBR Locations in RISE Catalog
https://geoconnex.us/usbr/rise/locations/3182,https://data.usbr.gov/location/3182,CGS-IoW,USBR Locations in RISE Catalog
https://geoconnex.us/usbr/rise/locations/3183,https://data.usbr.gov/location/3183,CGS-IoW,USBR Locations in RISE Catalog
https://geoconnex.us/usbr/rise/locations/3184,https://data.usbr.gov/location/3184,CGS-IoW,USBR Locations in RISE Catalog
https://geoconnex.us/usbr/rise/locations/3185,https://data.usbr.gov/location/3185,CGS-IoW,USBR Locations in RISE Catalog
https://geoconnex.us/usbr/rise/locations/3186,https://data.usbr.gov/location/3186,CGS-IoW,USBR Locations in RISE Catalog
https://geoconnex.us/usbr/rise/locations/3187,https://data.usbr.gov/location/3187,CGS-IoW,USBR Locations in RISE Catalog
https://geoconnex.us/usbr/rise/locations/3188,https://data.usbr.gov/location/3188,CGS-IoW,USBR Locations in RISE Catalog
https://geoconnex.us/usbr/rise/locations/3189,https://data.usbr.gov/location/3189,CGS-IoW,USBR Locations in RISE Catalog
https://geoconnex.us/usbr/rise/locations/3190,https://data.usbr.gov/location/3190,CGS-IoW,USBR Locations in RISE Catalog
https://geoconnex.us/usbr/rise/locations/3191,https://data.usbr.gov/location/3191,CGS-IoW,USBR Locations in RISE Catalog
https://geoconnex.us/usbr/rise/locations/3192,https://data.usbr.gov/location/3192,CGS-IoW,USBR Locations in RISE Catalog
https://geoconnex.us/usbr/rise/locations/3193,https://data.usbr.gov/location/3193,CGS-IoW,USBR Locations in RISE Catalog
https://geoconnex.us/usbr/rise/locations/3194,https://data.usbr.gov/location/3194,CGS-IoW,USBR Locations in RISE Catalog
https://geoconnex.us/usbr/rise/locations/3195,https://data.usbr.gov/location/3195,CGS-IoW,USBR Locations in RISE Catalog
https://geoconnex.us/usbr/rise/locations/3196,https://data.usbr.gov/location/3196,CGS-IoW,USBR Locations in RISE Catalog
https://geoconnex.us/usbr/rise/locations/3198,https://data.usbr.gov/location/3198,CGS-IoW,USBR Locations in RISE Catalog
https://geoconnex.us/usbr/rise/locations/3199,https://data.usbr.gov/location/3199,CGS-IoW,USBR Locations in RISE Catalog
https://geoconnex.us/usbr/rise/locations/3200,https://data.usbr.gov/location/3200,CGS-IoW,USBR Locations in RISE Catalog
https://geoconnex.us/usbr/rise/locations/3201,https://data.usbr.gov/location/3201,CGS-IoW,USBR Locations in RISE Catalog
https://geoconnex.us/usbr/rise/locations/3203,https://data.usbr.gov/location/3203,CGS-IoW,USBR Locations in RISE Catalog
https://geoconnex.us/usbr/rise/locations/3204,https://data.usbr.gov/location/3204,CGS-IoW,USBR Locations in RISE Catalog
https://geoconnex.us/usbr/rise/locations/3207,https://data.usbr.gov/location/3207,CGS-IoW,USBR Locations in RISE Catalog
https://geoconnex.us/usbr/rise/locations/3208,https://data.usbr.gov/location/3208,CGS-IoW,USBR Locations in RISE Catalog
https://geoconnex.us/usbr/rise/locations/3209,https://data.usbr.gov/location/3209,CGS-IoW,USBR Locations in RISE Catalog
https://geoconnex.us/usbr/rise/locations/3210,https://data.usbr.gov/location/3210,CGS-IoW,USBR Locations in RISE Catalog
https://geoconnex.us/usbr/rise/locations/3211,https://data.usbr.gov/location/3211,CGS-IoW,USBR Locations in RISE Catalog
https://geoconnex.us/usbr/rise/locations/3212,https://data.usbr.gov/location/3212,CGS-IoW,USBR Locations in RISE Catalog
https://geoconnex.us/usbr/rise/locations/3213,https://data.usbr.gov/location/3213,CGS-IoW,USBR Locations in RISE Catalog
https://geoconnex.us/usbr/rise/locations/3214,https://data.usbr.gov/location/3214,CGS-IoW,USBR Locations in RISE Catalog
https://geoconnex.us/usbr/rise/locations/3215,https://data.usbr.gov/location/3215,CGS-IoW,USBR Locations in RISE Catalog
https://geoconnex.us/usbr/rise/locations/3216,https://data.usbr.gov/location/3216,CGS-IoW,USBR Locations in RISE Catalog
https://geoconnex.us/usbr/rise/locations/3217,https://data.usbr.gov/location/3217,CGS-IoW,USBR Locations in RISE Catalog
https://geoconnex.us/usbr/rise/locations/3218,https://data.usbr.gov/location/3218,CGS-IoW,USBR Locations in RISE Catalog
https://geoconnex.us/usbr/rise/locations/3219,https://data.usbr.gov/location/3219,CGS-IoW,USBR Locations in RISE Catalog
https://geoconnex.us/usbr/rise/locations/3220,https://data.usbr.gov/location/3220,CGS-IoW,USBR Locations in RISE Catalog
https://geoconnex.us/usbr/rise/locations/3221,https://data.usbr.gov/location/3221,CGS-IoW,USBR Locations in RISE Catalog
https://geoconnex.us/usbr/rise/locations/3222,https://data.usbr.gov/location/3222,CGS-IoW,USBR Locations in RISE Catalog
https://geoconnex.us/usbr/rise/locations/3223,https://data.usbr.gov/location/3223,CGS-IoW,USBR Locations in RISE Catalog
https://geoconnex.us/usbr/rise/locations/3224,https://data.usbr.gov/location/3224,CGS-IoW,USBR Locations in RISE Catalog
https://geoconnex.us/usbr/rise/locations/3225,https://data.usbr.gov/location/3225,CGS-IoW,USBR Locations in RISE Catalog
https://geoconnex.us/usbr/rise/locations/3226,https://data.usbr.gov/location/3226,CGS-IoW,USBR Locations in RISE Catalog
https://geoconnex.us/usbr/rise/locations/3227,https://data.usbr.gov/location/3227,CGS-IoW,USBR Locations in RISE Catalog
https://geoconnex.us/usbr/rise/locations/3228,https://data.usbr.gov/location/3228,CGS-IoW,USBR Locations in RISE Catalog
https://geoconnex.us/usbr/rise/locations/3229,https://data.usbr.gov/location/3229,CGS-IoW,USBR Locations in RISE Catalog
https://geoconnex.us/usbr/rise/locations/3230,https://data.usbr.gov/location/3230,CGS-IoW,USBR Locations in RISE Catalog
https://geoconnex.us/usbr/rise/locations/3231,https://data.usbr.gov/location/3231,CGS-IoW,USBR Locations in RISE Catalog
https://geoconnex.us/usbr/rise/locations/3232,https://data.usbr.gov/location/3232,CGS-IoW,USBR Locations in RISE Catalog
https://geoconnex.us/usbr/rise/locations/3233,https://data.usbr.gov/location/3233,CGS-IoW,USBR Locations in RISE Catalog
https://geoconnex.us/usbr/rise/locations/3234,https://data.usbr.gov/location/3234,CGS-IoW,USBR Locations in RISE Catalog
https://geoconnex.us/usbr/rise/locations/3235,https://data.usbr.gov/location/3235,CGS-IoW,USBR Locations in RISE Catalog
https://geoconnex.us/usbr/rise/locations/3236,https://data.usbr.gov/location/3236,CGS-IoW,USBR Locations in RISE Catalog
https://geoconnex.us/usbr/rise/locations/3237,https://data.usbr.gov/location/3237,CGS-IoW,USBR Locations in RISE Catalog
https://geoconnex.us/usbr/rise/locations/3238,https://data.usbr.gov/location/3238,CGS-IoW,USBR Locations in RISE Catalog
https://geoconnex.us/usbr/rise/locations/3239,https://data.usbr.gov/location/3239,CGS-IoW,USBR Locations in RISE Catalog
https://geoconnex.us/usbr/rise/locations/3240,https://data.usbr.gov/location/3240,CGS-IoW,USBR Locations in RISE Catalog
https://geoconnex.us/usbr/rise/locations/3241,https://data.usbr.gov/location/3241,CGS-IoW,USBR Locations in RISE Catalog
https://geoconnex.us/usbr/rise/locations/3242,https://data.usbr.gov/location/3242,CGS-IoW,USBR Locations in RISE Catalog
https://geoconnex.us/usbr/rise/locations/3243,https://data.usbr.gov/location/3243,CGS-IoW,USBR Locations in RISE Catalog
https://geoconnex.us/usbr/rise/locations/3244,https://data.usbr.gov/location/3244,CGS-IoW,USBR Locations in RISE Catalog
https://geoconnex.us/usbr/rise/locations/3245,https://data.usbr.gov/location/3245,CGS-IoW,USBR Locations in RISE Catalog
https://geoconnex.us/usbr/rise/locations/3246,https://data.usbr.gov/location/3246,CGS-IoW,USBR Locations in RISE Catalog
https://geoconnex.us/usbr/rise/locations/3247,https://data.usbr.gov/location/3247,CGS-IoW,USBR Locations in RISE Catalog
https://geoconnex.us/usbr/rise/locations/3248,https://data.usbr.gov/location/3248,CGS-IoW,USBR Locations in RISE Catalog
https://geoconnex.us/usbr/rise/locations/3249,https://data.usbr.gov/location/3249,CGS-IoW,USBR Locations in RISE Catalog
https://geoconnex.us/usbr/rise/locations/3250,https://data.usbr.gov/location/3250,CGS-IoW,USBR Locations in RISE Catalog
https://geoconnex.us/usbr/rise/locations/3251,https://data.usbr.gov/location/3251,CGS-IoW,USBR Locations in RISE Catalog
https://geoconnex.us/usbr/rise/locations/3252,https://data.usbr.gov/location/3252,CGS-IoW,USBR Locations in RISE Catalog
https://geoconnex.us/usbr/rise/locations/3253,https://data.usbr.gov/location/3253,CGS-IoW,USBR Locations in RISE Catalog
https://geoconnex.us/usbr/rise/locations/3254,https://data.usbr.gov/location/3254,CGS-IoW,USBR Locations in RISE Catalog
https://geoconnex.us/usbr/rise/locations/3255,https://data.usbr.gov/location/3255,CGS-IoW,USBR Locations in RISE Catalog
https://geoconnex.us/usbr/rise/locations/3256,https://data.usbr.gov/location/3256,CGS-IoW,USBR Locations in RISE Catalog
https://geoconnex.us/usbr/rise/locations/3257,https://data.usbr.gov/location/3257,CGS-IoW,USBR Locations in RISE Catalog
https://geoconnex.us/usbr/rise/locations/3258,https://data.usbr.gov/location/3258,CGS-IoW,USBR Locations in RISE Catalog
https://geoconnex.us/usbr/rise/locations/3259,https://data.usbr.gov/location/3259,CGS-IoW,USBR Locations in RISE Catalog
https://geoconnex.us/usbr/rise/locations/3261,https://data.usbr.gov/location/3261,CGS-IoW,USBR Locations in RISE Catalog
https://geoconnex.us/usbr/rise/locations/3262,https://data.usbr.gov/location/3262,CGS-IoW,USBR Locations in RISE Catalog
https://geoconnex.us/usbr/rise/locations/3263,https://data.usbr.gov/location/3263,CGS-IoW,USBR Locations in RISE Catalog
https://geoconnex.us/usbr/rise/locations/3264,https://data.usbr.gov/location/3264,CGS-IoW,USBR Locations in RISE Catalog
https://geoconnex.us/usbr/rise/locations/3265,https://data.usbr.gov/location/3265,CGS-IoW,USBR Locations in RISE Catalog
https://geoconnex.us/usbr/rise/locations/3266,https://data.usbr.gov/location/3266,CGS-IoW,USBR Locations in RISE Catalog
https://geoconnex.us/usbr/rise/locations/3267,https://data.usbr.gov/location/3267,CGS-IoW,USBR Locations in RISE Catalog
https://geoconnex.us/usbr/rise/locations/3268,https://data.usbr.gov/location/3268,CGS-IoW,USBR Locations in RISE Catalog
https://geoconnex.us/usbr/rise/locations/3269,https://data.usbr.gov/location/3269,CGS-IoW,USBR Locations in RISE Catalog
https://geoconnex.us/usbr/rise/locations/3270,https://data.usbr.gov/location/3270,CGS-IoW,USBR Locations in RISE Catalog
https://geoconnex.us/usbr/rise/locations/3271,https://data.usbr.gov/location/3271,CGS-IoW,USBR Locations in RISE Catalog
https://geoconnex.us/usbr/rise/locations/3272,https://data.usbr.gov/location/3272,CGS-IoW,USBR Locations in RISE Catalog
https://geoconnex.us/usbr/rise/locations/3273,https://data.usbr.gov/location/3273,CGS-IoW,USBR Locations in RISE Catalog
https://geoconnex.us/usbr/rise/locations/3274,https://data.usbr.gov/location/3274,CGS-IoW,USBR Locations in RISE Catalog
https://geoconnex.us/usbr/rise/locations/3275,https://data.usbr.gov/location/3275,CGS-IoW,USBR Locations in RISE Catalog
https://geoconnex.us/usbr/rise/locations/3276,https://data.usbr.gov/location/3276,CGS-IoW,USBR Locations in RISE Catalog
https://geoconnex.us/usbr/rise/locations/3277,https://data.usbr.gov/location/3277,CGS-IoW,USBR Locations in RISE Catalog
https://geoconnex.us/usbr/rise/locations/3278,https://data.usbr.gov/location/3278,CGS-IoW,USBR Locations in RISE Catalog
https://geoconnex.us/usbr/rise/locations/3279,https://data.usbr.gov/location/3279,CGS-IoW,USBR Locations in RISE Catalog
https://geoconnex.us/usbr/rise/locations/3280,https://data.usbr.gov/location/3280,CGS-IoW,USBR Locations in RISE Catalog
https://geoconnex.us/usbr/rise/locations/3281,https://data.usbr.gov/location/3281,CGS-IoW,USBR Locations in RISE Catalog
https://geoconnex.us/usbr/rise/locations/3282,https://data.usbr.gov/location/3282,CGS-IoW,USBR Locations in RISE Catalog
https://geoconnex.us/usbr/rise/locations/3283,https://data.usbr.gov/location/3283,CGS-IoW,USBR Locations in RISE Catalog
https://geoconnex.us/usbr/rise/locations/3284,https://data.usbr.gov/location/3284,CGS-IoW,USBR Locations in RISE Catalog
https://geoconnex.us/usbr/rise/locations/3286,https://data.usbr.gov/location/3286,CGS-IoW,USBR Locations in RISE Catalog
https://geoconnex.us/usbr/rise/locations/3287,https://data.usbr.gov/location/3287,CGS-IoW,USBR Locations in RISE Catalog
https://geoconnex.us/usbr/rise/locations/3288,https://data.usbr.gov/location/3288,CGS-IoW,USBR Locations in RISE Catalog
https://geoconnex.us/usbr/rise/locations/3289,https://data.usbr.gov/location/3289,CGS-IoW,USBR Locations in RISE Catalog
https://geoconnex.us/usbr/rise/locations/3290,https://data.usbr.gov/location/3290,CGS-IoW,USBR Locations in RISE Catalog
https://geoconnex.us/usbr/rise/locations/3292,https://data.usbr.gov/location/3292,CGS-IoW,USBR Locations in RISE Catalog
https://geoconnex.us/usbr/rise/locations/3293,https://data.usbr.gov/location/3293,CGS-IoW,USBR Locations in RISE Catalog
https://geoconnex.us/usbr/rise/locations/3294,https://data.usbr.gov/location/3294,CGS-IoW,USBR Locations in RISE Catalog
https://geoconnex.us/usbr/rise/locations/3295,https://data.usbr.gov/location/3295,CGS-IoW,USBR Locations in RISE Catalog
https://geoconnex.us/usbr/rise/locations/3297,https://data.usbr.gov/location/3297,CGS-IoW,USBR Locations in RISE Catalog
https://geoconnex.us/usbr/rise/locations/3298,https://data.usbr.gov/location/3298,CGS-IoW,USBR Locations in RISE Catalog
https://geoconnex.us/usbr/rise/locations/3299,https://data.usbr.gov/location/3299,CGS-IoW,USBR Locations in RISE Catalog
https://geoconnex.us/usbr/rise/locations/3300,https://data.usbr.gov/location/3300,CGS-IoW,USBR Locations in RISE Catalog
https://geoconnex.us/usbr/rise/locations/3301,https://data.usbr.gov/location/3301,CGS-IoW,USBR Locations in RISE Catalog
https://geoconnex.us/usbr/rise/locations/3302,https://data.usbr.gov/location/3302,CGS-IoW,USBR Locations in RISE Catalog
https://geoconnex.us/usbr/rise/locations/3304,https://data.usbr.gov/location/3304,CGS-IoW,USBR Locations in RISE Catalog
https://geoconnex.us/usbr/rise/locations/3305,https://data.usbr.gov/location/3305,CGS-IoW,USBR Locations in RISE Catalog
https://geoconnex.us/usbr/rise/locations/3306,https://data.usbr.gov/location/3306,CGS-IoW,USBR Locations in RISE Catalog
https://geoconnex.us/usbr/rise/locations/3307,https://data.usbr.gov/location/3307,CGS-IoW,USBR Locations in RISE Catalog
https://geoconnex.us/usbr/rise/locations/3308,https://data.usbr.gov/location/3308,CGS-IoW,USBR Locations in RISE Catalog
https://geoconnex.us/usbr/rise/locations/3309,https://data.usbr.gov/location/3309,CGS-IoW,USBR Locations in RISE Catalog
https://geoconnex.us/usbr/rise/locations/3310,https://data.usbr.gov/location/3310,CGS-IoW,USBR Locations in RISE Catalog
https://geoconnex.us/usbr/rise/locations/3311,https://data.usbr.gov/location/3311,CGS-IoW,USBR Locations in RISE Catalog
https://geoconnex.us/usbr/rise/locations/3312,https://data.usbr.gov/location/3312,CGS-IoW,USBR Locations in RISE Catalog
https://geoconnex.us/usbr/rise/locations/3313,https://data.usbr.gov/location/3313,CGS-IoW,USBR Locations in RISE Catalog
https://geoconnex.us/usbr/rise/locations/3314,https://data.usbr.gov/location/3314,CGS-IoW,USBR Locations in RISE Catalog
https://geoconnex.us/usbr/rise/locations/3315,https://data.usbr.gov/location/3315,CGS-IoW,USBR Locations in RISE Catalog
https://geoconnex.us/usbr/rise/locations/3316,https://data.usbr.gov/location/3316,CGS-IoW,USBR Locations in RISE Catalog
https://geoconnex.us/usbr/rise/locations/3317,https://data.usbr.gov/location/3317,CGS-IoW,USBR Locations in RISE Catalog
https://geoconnex.us/usbr/rise/locations/3318,https://data.usbr.gov/location/3318,CGS-IoW,USBR Locations in RISE Catalog
https://geoconnex.us/usbr/rise/locations/3319,https://data.usbr.gov/location/3319,CGS-IoW,USBR Locations in RISE Catalog
https://geoconnex.us/usbr/rise/locations/3320,https://data.usbr.gov/location/3320,CGS-IoW,USBR Locations in RISE Catalog
https://geoconnex.us/usbr/rise/locations/3321,https://data.usbr.gov/location/3321,CGS-IoW,USBR Locations in RISE Catalog
https://geoconnex.us/usbr/rise/locations/3322,https://data.usbr.gov/location/3322,CGS-IoW,USBR Locations in RISE Catalog
https://geoconnex.us/usbr/rise/locations/3323,https://data.usbr.gov/location/3323,CGS-IoW,USBR Locations in RISE Catalog
https://geoconnex.us/usbr/rise/locations/3324,https://data.usbr.gov/location/3324,CGS-IoW,USBR Locations in RISE Catalog
https://geoconnex.us/usbr/rise/locations/3325,https://data.usbr.gov/location/3325,CGS-IoW,USBR Locations in RISE Catalog
https://geoconnex.us/usbr/rise/locations/3326,https://data.usbr.gov/location/3326,CGS-IoW,USBR Locations in RISE Catalog
https://geoconnex.us/usbr/rise/locations/3327,https://data.usbr.gov/location/3327,CGS-IoW,USBR Locations in RISE Catalog
https://geoconnex.us/usbr/rise/locations/3328,https://data.usbr.gov/location/3328,CGS-IoW,USBR Locations in RISE Catalog
https://geoconnex.us/usbr/rise/locations/3329,https://data.usbr.gov/location/3329,CGS-IoW,USBR Locations in RISE Catalog
https://geoconnex.us/usbr/rise/locations/3330,https://data.usbr.gov/location/3330,CGS-IoW,USBR Locations in RISE Catalog
https://geoconnex.us/usbr/rise/locations/3331,https://data.usbr.gov/location/3331,CGS-IoW,USBR Locations in RISE Catalog
https://geoconnex.us/usbr/rise/locations/3332,https://data.usbr.gov/location/3332,CGS-IoW,USBR Locations in RISE Catalog
https://geoconnex.us/usbr/rise/locations/3333,https://data.usbr.gov/location/3333,CGS-IoW,USBR Locations in RISE Catalog
https://geoconnex.us/usbr/rise/locations/3334,https://data.usbr.gov/location/3334,CGS-IoW,USBR Locations in RISE Catalog
https://geoconnex.us/usbr/rise/locations/3337,https://data.usbr.gov/location/3337,CGS-IoW,USBR Locations in RISE Catalog
https://geoconnex.us/usbr/rise/locations/3338,https://data.usbr.gov/location/3338,CGS-IoW,USBR Locations in RISE Catalog
https://geoconnex.us/usbr/rise/locations/3339,https://data.usbr.gov/location/3339,CGS-IoW,USBR Locations in RISE Catalog
https://geoconnex.us/usbr/rise/locations/3340,https://data.usbr.gov/location/3340,CGS-IoW,USBR Locations in RISE Catalog
https://geoconnex.us/usbr/rise/locations/3341,https://data.usbr.gov/location/3341,CGS-IoW,USBR Locations in RISE Catalog
https://geoconnex.us/usbr/rise/locations/3342,https://data.usbr.gov/location/3342,CGS-IoW,USBR Locations in RISE Catalog
https://geoconnex.us/usbr/rise/locations/3343,https://data.usbr.gov/location/3343,CGS-IoW,USBR Locations in RISE Catalog
https://geoconnex.us/usbr/rise/locations/3344,https://data.usbr.gov/location/3344,CGS-IoW,USBR Locations in RISE Catalog
https://geoconnex.us/usbr/rise/locations/3345,https://data.usbr.gov/location/3345,CGS-IoW,USBR Locations in RISE Catalog
https://geoconnex.us/usbr/rise/locations/3346,https://data.usbr.gov/location/3346,CGS-IoW,USBR Locations in RISE Catalog
https://geoconnex.us/usbr/rise/locations/3347,https://data.usbr.gov/location/3347,CGS-IoW,USBR Locations in RISE Catalog
https://geoconnex.us/usbr/rise/locations/3348,https://data.usbr.gov/location/3348,CGS-IoW,USBR Locations in RISE Catalog
https://geoconnex.us/usbr/rise/locations/3349,https://data.usbr.gov/location/3349,CGS-IoW,USBR Locations in RISE Catalog
https://geoconnex.us/usbr/rise/locations/3350,https://data.usbr.gov/location/3350,CGS-IoW,USBR Locations in RISE Catalog
https://geoconnex.us/usbr/rise/locations/3351,https://data.usbr.gov/location/3351,CGS-IoW,USBR Locations in RISE Catalog
https://geoconnex.us/usbr/rise/locations/3352,https://data.usbr.gov/location/3352,CGS-IoW,USBR Locations in RISE Catalog
https://geoconnex.us/usbr/rise/locations/3353,https://data.usbr.gov/location/3353,CGS-IoW,USBR Locations in RISE Catalog
https://geoconnex.us/usbr/rise/locations/3354,https://data.usbr.gov/location/3354,CGS-IoW,USBR Locations in RISE Catalog
https://geoconnex.us/usbr/rise/locations/3355,https://data.usbr.gov/location/3355,CGS-IoW,USBR Locations in RISE Catalog
https://geoconnex.us/usbr/rise/locations/3356,https://data.usbr.gov/location/3356,CGS-IoW,USBR Locations in RISE Catalog
https://geoconnex.us/usbr/rise/locations/3357,https://data.usbr.gov/location/3357,CGS-IoW,USBR Locations in RISE Catalog
https://geoconnex.us/usbr/rise/locations/3358,https://data.usbr.gov/location/3358,CGS-IoW,USBR Locations in RISE Catalog
https://geoconnex.us/usbr/rise/locations/3359,https://data.usbr.gov/location/3359,CGS-IoW,USBR Locations in RISE Catalog
https://geoconnex.us/usbr/rise/locations/3360,https://data.usbr.gov/location/3360,CGS-IoW,USBR Locations in RISE Catalog
https://geoconnex.us/usbr/rise/locations/3361,https://data.usbr.gov/location/3361,CGS-IoW,USBR Locations in RISE Catalog
https://geoconnex.us/usbr/rise/locations/3362,https://data.usbr.gov/location/3362,CGS-IoW,USBR Locations in RISE Catalog
https://geoconnex.us/usbr/rise/locations/3363,https://data.usbr.gov/location/3363,CGS-IoW,USBR Locations in RISE Catalog
https://geoconnex.us/usbr/rise/locations/3364,https://data.usbr.gov/location/3364,CGS-IoW,USBR Locations in RISE Catalog
https://geoconnex.us/usbr/rise/locations/3365,https://data.usbr.gov/location/3365,CGS-IoW,USBR Locations in RISE Catalog
https://geoconnex.us/usbr/rise/locations/3366,https://data.usbr.gov/location/3366,CGS-IoW,USBR Locations in RISE Catalog
https://geoconnex.us/usbr/rise/locations/3367,https://data.usbr.gov/location/3367,CGS-IoW,USBR Locations in RISE Catalog
https://geoconnex.us/usbr/rise/locations/3368,https://data.usbr.gov/location/3368,CGS-IoW,USBR Locations in RISE Catalog
https://geoconnex.us/usbr/rise/locations/3369,https://data.usbr.gov/location/3369,CGS-IoW,USBR Locations in RISE Catalog
https://geoconnex.us/usbr/rise/locations/3370,https://data.usbr.gov/location/3370,CGS-IoW,USBR Locations in RISE Catalog
https://geoconnex.us/usbr/rise/locations/3371,https://data.usbr.gov/location/3371,CGS-IoW,USBR Locations in RISE Catalog
https://geoconnex.us/usbr/rise/locations/3372,https://data.usbr.gov/location/3372,CGS-IoW,USBR Locations in RISE Catalog
https://geoconnex.us/usbr/rise/locations/3373,https://data.usbr.gov/location/3373,CGS-IoW,USBR Locations in RISE Catalog
https://geoconnex.us/usbr/rise/locations/3374,https://data.usbr.gov/location/3374,CGS-IoW,USBR Locations in RISE Catalog
https://geoconnex.us/usbr/rise/locations/3375,https://data.usbr.gov/location/3375,CGS-IoW,USBR Locations in RISE Catalog
https://geoconnex.us/usbr/rise/locations/3376,https://data.usbr.gov/location/3376,CGS-IoW,USBR Locations in RISE Catalog
https://geoconnex.us/usbr/rise/locations/3377,https://data.usbr.gov/location/3377,CGS-IoW,USBR Locations in RISE Catalog
https://geoconnex.us/usbr/rise/locations/3378,https://data.usbr.gov/location/3378,CGS-IoW,USBR Locations in RISE Catalog
https://geoconnex.us/usbr/rise/locations/3379,https://data.usbr.gov/location/3379,CGS-IoW,USBR Locations in RISE Catalog
https://geoconnex.us/usbr/rise/locations/3380,https://data.usbr.gov/location/3380,CGS-IoW,USBR Locations in RISE Catalog
https://geoconnex.us/usbr/rise/locations/3381,https://data.usbr.gov/location/3381,CGS-IoW,USBR Locations in RISE Catalog
https://geoconnex.us/usbr/rise/locations/3382,https://data.usbr.gov/location/3382,CGS-IoW,USBR Locations in RISE Catalog
https://geoconnex.us/usbr/rise/locations/3383,https://data.usbr.gov/location/3383,CGS-IoW,USBR Locations in RISE Catalog
https://geoconnex.us/usbr/rise/locations/3384,https://data.usbr.gov/location/3384,CGS-IoW,USBR Locations in RISE Catalog
https://geoconnex.us/usbr/rise/locations/3385,https://data.usbr.gov/location/3385,CGS-IoW,USBR Locations in RISE Catalog
https://geoconnex.us/usbr/rise/locations/3386,https://data.usbr.gov/location/3386,CGS-IoW,USBR Locations in RISE Catalog
https://geoconnex.us/usbr/rise/locations/3387,https://data.usbr.gov/location/3387,CGS-IoW,USBR Locations in RISE Catalog
https://geoconnex.us/usbr/rise/locations/3388,https://data.usbr.gov/location/3388,CGS-IoW,USBR Locations in RISE Catalog
https://geoconnex.us/usbr/rise/locations/3389,https://data.usbr.gov/location/3389,CGS-IoW,USBR Locations in RISE Catalog
https://geoconnex.us/usbr/rise/locations/3390,https://data.usbr.gov/location/3390,CGS-IoW,USBR Locations in RISE Catalog
https://geoconnex.us/usbr/rise/locations/3391,https://data.usbr.gov/location/3391,CGS-IoW,USBR Locations in RISE Catalog
https://geoconnex.us/usbr/rise/locations/3392,https://data.usbr.gov/location/3392,CGS-IoW,USBR Locations in RISE Catalog
https://geoconnex.us/usbr/rise/locations/3393,https://data.usbr.gov/location/3393,CGS-IoW,USBR Locations in RISE Catalog
https://geoconnex.us/usbr/rise/locations/3394,https://data.usbr.gov/location/3394,CGS-IoW,USBR Locations in RISE Catalog
https://geoconnex.us/usbr/rise/locations/3397,https://data.usbr.gov/location/3397,CGS-IoW,USBR Locations in RISE Catalog
https://geoconnex.us/usbr/rise/locations/3398,https://data.usbr.gov/location/3398,CGS-IoW,USBR Locations in RISE Catalog
https://geoconnex.us/usbr/rise/locations/3399,https://data.usbr.gov/location/3399,CGS-IoW,USBR Locations in RISE Catalog
https://geoconnex.us/usbr/rise/locations/3400,https://data.usbr.gov/location/3400,CGS-IoW,USBR Locations in RISE Catalog
https://geoconnex.us/usbr/rise/locations/3401,https://data.usbr.gov/location/3401,CGS-IoW,USBR Locations in RISE Catalog
https://geoconnex.us/usbr/rise/locations/3402,https://data.usbr.gov/location/3402,CGS-IoW,USBR Locations in RISE Catalog
https://geoconnex.us/usbr/rise/locations/3403,https://data.usbr.gov/location/3403,CGS-IoW,USBR Locations in RISE Catalog
https://geoconnex.us/usbr/rise/locations/3404,https://data.usbr.gov/location/3404,CGS-IoW,USBR Locations in RISE Catalog
https://geoconnex.us/usbr/rise/locations/3405,https://data.usbr.gov/location/3405,CGS-IoW,USBR Locations in RISE Catalog
https://geoconnex.us/usbr/rise/locations/3406,https://data.usbr.gov/location/3406,CGS-IoW,USBR Locations in RISE Catalog
https://geoconnex.us/usbr/rise/locations/3407,https://data.usbr.gov/location/3407,CGS-IoW,USBR Locations in RISE Catalog
https://geoconnex.us/usbr/rise/locations/3408,https://data.usbr.gov/location/3408,CGS-IoW,USBR Locations in RISE Catalog
https://geoconnex.us/usbr/rise/locations/3409,https://data.usbr.gov/location/3409,CGS-IoW,USBR Locations in RISE Catalog
https://geoconnex.us/usbr/rise/locations/3410,https://data.usbr.gov/location/3410,CGS-IoW,USBR Locations in RISE Catalog
https://geoconnex.us/usbr/rise/locations/3411,https://data.usbr.gov/location/3411,CGS-IoW,USBR Locations in RISE Catalog
https://geoconnex.us/usbr/rise/locations/3412,https://data.usbr.gov/location/3412,CGS-IoW,USBR Locations in RISE Catalog
https://geoconnex.us/usbr/rise/locations/3413,https://data.usbr.gov/location/3413,CGS-IoW,USBR Locations in RISE Catalog
https://geoconnex.us/usbr/rise/locations/3414,https://data.usbr.gov/location/3414,CGS-IoW,USBR Locations in RISE Catalog
https://geoconnex.us/usbr/rise/locations/3415,https://data.usbr.gov/location/3415,CGS-IoW,USBR Locations in RISE Catalog
https://geoconnex.us/usbr/rise/locations/3416,https://data.usbr.gov/location/3416,CGS-IoW,USBR Locations in RISE Catalog
https://geoconnex.us/usbr/rise/locations/3417,https://data.usbr.gov/location/3417,CGS-IoW,USBR Locations in RISE Catalog
https://geoconnex.us/usbr/rise/locations/3418,https://data.usbr.gov/location/3418,CGS-IoW,USBR Locations in RISE Catalog
https://geoconnex.us/usbr/rise/locations/3419,https://data.usbr.gov/location/3419,CGS-IoW,USBR Locations in RISE Catalog
https://geoconnex.us/usbr/rise/locations/3420,https://data.usbr.gov/location/3420,CGS-IoW,USBR Locations in RISE Catalog
https://geoconnex.us/usbr/rise/locations/3421,https://data.usbr.gov/location/3421,CGS-IoW,USBR Locations in RISE Catalog
https://geoconnex.us/usbr/rise/locations/3422,https://data.usbr.gov/location/3422,CGS-IoW,USBR Locations in RISE Catalog
https://geoconnex.us/usbr/rise/locations/3423,https://data.usbr.gov/location/3423,CGS-IoW,USBR Locations in RISE Catalog
https://geoconnex.us/usbr/rise/locations/3424,https://data.usbr.gov/location/3424,CGS-IoW,USBR Locations in RISE Catalog
https://geoconnex.us/usbr/rise/locations/3425,https://data.usbr.gov/location/3425,CGS-IoW,USBR Locations in RISE Catalog
https://geoconnex.us/usbr/rise/locations/3426,https://data.usbr.gov/location/3426,CGS-IoW,USBR Locations in RISE Catalog
https://geoconnex.us/usbr/rise/locations/3427,https://data.usbr.gov/location/3427,CGS-IoW,USBR Locations in RISE Catalog
https://geoconnex.us/usbr/rise/locations/3428,https://data.usbr.gov/location/3428,CGS-IoW,USBR Locations in RISE Catalog
https://geoconnex.us/usbr/rise/locations/3429,https://data.usbr.gov/location/3429,CGS-IoW,USBR Locations in RISE Catalog
https://geoconnex.us/usbr/rise/locations/3430,https://data.usbr.gov/location/3430,CGS-IoW,USBR Locations in RISE Catalog
https://geoconnex.us/usbr/rise/locations/3431,https://data.usbr.gov/location/3431,CGS-IoW,USBR Locations in RISE Catalog
https://geoconnex.us/usbr/rise/locations/3432,https://data.usbr.gov/location/3432,CGS-IoW,USBR Locations in RISE Catalog
https://geoconnex.us/usbr/rise/locations/3433,https://data.usbr.gov/location/3433,CGS-IoW,USBR Locations in RISE Catalog
https://geoconnex.us/usbr/rise/locations/3434,https://data.usbr.gov/location/3434,CGS-IoW,USBR Locations in RISE Catalog
https://geoconnex.us/usbr/rise/locations/3435,https://data.usbr.gov/location/3435,CGS-IoW,USBR Locations in RISE Catalog
https://geoconnex.us/usbr/rise/locations/3436,https://data.usbr.gov/location/3436,CGS-IoW,USBR Locations in RISE Catalog
https://geoconnex.us/usbr/rise/locations/3437,https://data.usbr.gov/location/3437,CGS-IoW,USBR Locations in RISE Catalog
https://geoconnex.us/usbr/rise/locations/3438,https://data.usbr.gov/location/3438,CGS-IoW,USBR Locations in RISE Catalog
https://geoconnex.us/usbr/rise/locations/3439,https://data.usbr.gov/location/3439,CGS-IoW,USBR Locations in RISE Catalog
https://geoconnex.us/usbr/rise/locations/3441,https://data.usbr.gov/location/3441,CGS-IoW,USBR Locations in RISE Catalog
https://geoconnex.us/usbr/rise/locations/3442,https://data.usbr.gov/location/3442,CGS-IoW,USBR Locations in RISE Catalog
https://geoconnex.us/usbr/rise/locations/3443,https://data.usbr.gov/location/3443,CGS-IoW,USBR Locations in RISE Catalog
https://geoconnex.us/usbr/rise/locations/3444,https://data.usbr.gov/location/3444,CGS-IoW,USBR Locations in RISE Catalog
https://geoconnex.us/usbr/rise/locations/3445,https://data.usbr.gov/location/3445,CGS-IoW,USBR Locations in RISE Catalog
https://geoconnex.us/usbr/rise/locations/3446,https://data.usbr.gov/location/3446,CGS-IoW,USBR Locations in RISE Catalog
https://geoconnex.us/usbr/rise/locations/3447,https://data.usbr.gov/location/3447,CGS-IoW,USBR Locations in RISE Catalog
https://geoconnex.us/usbr/rise/locations/3448,https://data.usbr.gov/location/3448,CGS-IoW,USBR Locations in RISE Catalog
https://geoconnex.us/usbr/rise/locations/3449,https://data.usbr.gov/location/3449,CGS-IoW,USBR Locations in RISE Catalog
https://geoconnex.us/usbr/rise/locations/3450,https://data.usbr.gov/location/3450,CGS-IoW,USBR Locations in RISE Catalog
https://geoconnex.us/usbr/rise/locations/3451,https://data.usbr.gov/location/3451,CGS-IoW,USBR Locations in RISE Catalog
https://geoconnex.us/usbr/rise/locations/3452,https://data.usbr.gov/location/3452,CGS-IoW,USBR Locations in RISE Catalog
https://geoconnex.us/usbr/rise/locations/3459,https://data.usbr.gov/location/3459,CGS-IoW,USBR Locations in RISE Catalog
https://geoconnex.us/usbr/rise/locations/3460,https://data.usbr.gov/location/3460,CGS-IoW,USBR Locations in RISE Catalog
https://geoconnex.us/usbr/rise/locations/3461,https://data.usbr.gov/location/3461,CGS-IoW,USBR Locations in RISE Catalog
https://geoconnex.us/usbr/rise/locations/3462,https://data.usbr.gov/location/3462,CGS-IoW,USBR Locations in RISE Catalog
https://geoconnex.us/usbr/rise/locations/3463,https://data.usbr.gov/location/3463,CGS-IoW,USBR Locations in RISE Catalog
https://geoconnex.us/usbr/rise/locations/3464,https://data.usbr.gov/location/3464,CGS-IoW,USBR Locations in RISE Catalog
https://geoconnex.us/usbr/rise/locations/3465,https://data.usbr.gov/location/3465,CGS-IoW,USBR Locations in RISE Catalog
https://geoconnex.us/usbr/rise/locations/3466,https://data.usbr.gov/location/3466,CGS-IoW,USBR Locations in RISE Catalog
https://geoconnex.us/usbr/rise/locations/3467,https://data.usbr.gov/location/3467,CGS-IoW,USBR Locations in RISE Catalog
https://geoconnex.us/usbr/rise/locations/3468,https://data.usbr.gov/location/3468,CGS-IoW,USBR Locations in RISE Catalog
https://geoconnex.us/usbr/rise/locations/3477,https://data.usbr.gov/location/3477,CGS-IoW,USBR Locations in RISE Catalog
https://geoconnex.us/usbr/rise/locations/3478,https://data.usbr.gov/location/3478,CGS-IoW,USBR Locations in RISE Catalog
https://geoconnex.us/usbr/rise/locations/3479,https://data.usbr.gov/location/3479,CGS-IoW,USBR Locations in RISE Catalog
https://geoconnex.us/usbr/rise/locations/3480,https://data.usbr.gov/location/3480,CGS-IoW,USBR Locations in RISE Catalog
https://geoconnex.us/usbr/rise/locations/3481,https://data.usbr.gov/location/3481,CGS-IoW,USBR Locations in RISE Catalog
https://geoconnex.us/usbr/rise/locations/3482,https://data.usbr.gov/location/3482,CGS-IoW,USBR Locations in RISE Catalog
https://geoconnex.us/usbr/rise/locations/3483,https://data.usbr.gov/location/3483,CGS-IoW,USBR Locations in RISE Catalog
https://geoconnex.us/usbr/rise/locations/3484,https://data.usbr.gov/location/3484,CGS-IoW,USBR Locations in RISE Catalog
https://geoconnex.us/usbr/rise/locations/3485,https://data.usbr.gov/location/3485,CGS-IoW,USBR Locations in RISE Catalog
https://geoconnex.us/usbr/rise/locations/3486,https://data.usbr.gov/location/3486,CGS-IoW,USBR Locations in RISE Catalog
https://geoconnex.us/usbr/rise/locations/3487,https://data.usbr.gov/location/3487,CGS-IoW,USBR Locations in RISE Catalog
https://geoconnex.us/usbr/rise/locations/3488,https://data.usbr.gov/location/3488,CGS-IoW,USBR Locations in RISE Catalog
https://geoconnex.us/usbr/rise/locations/3489,https://data.usbr.gov/location/3489,CGS-IoW,USBR Locations in RISE Catalog
https://geoconnex.us/usbr/rise/locations/3490,https://data.usbr.gov/location/3490,CGS-IoW,USBR Locations in RISE Catalog
https://geoconnex.us/usbr/rise/locations/3491,https://data.usbr.gov/location/3491,CGS-IoW,USBR Locations in RISE Catalog
https://geoconnex.us/usbr/rise/locations/3492,https://data.usbr.gov/location/3492,CGS-IoW,USBR Locations in RISE Catalog
https://geoconnex.us/usbr/rise/locations/3494,https://data.usbr.gov/location/3494,CGS-IoW,USBR Locations in RISE Catalog
https://geoconnex.us/usbr/rise/locations/3495,https://data.usbr.gov/location/3495,CGS-IoW,USBR Locations in RISE Catalog
https://geoconnex.us/usbr/rise/locations/3496,https://data.usbr.gov/location/3496,CGS-IoW,USBR Locations in RISE Catalog
https://geoconnex.us/usbr/rise/locations/3497,https://data.usbr.gov/location/3497,CGS-IoW,USBR Locations in RISE Catalog
https://geoconnex.us/usbr/rise/locations/3498,https://data.usbr.gov/location/3498,CGS-IoW,USBR Locations in RISE Catalog
https://geoconnex.us/usbr/rise/locations/3499,https://data.usbr.gov/location/3499,CGS-IoW,USBR Locations in RISE Catalog
https://geoconnex.us/usbr/rise/locations/3500,https://data.usbr.gov/location/3500,CGS-IoW,USBR Locations in RISE Catalog
https://geoconnex.us/usbr/rise/locations/3511,https://data.usbr.gov/location/3511,CGS-IoW,USBR Locations in RISE Catalog
https://geoconnex.us/usbr/rise/locations/3512,https://data.usbr.gov/location/3512,CGS-IoW,USBR Locations in RISE Catalog
https://geoconnex.us/usbr/rise/locations/3513,https://data.usbr.gov/location/3513,CGS-IoW,USBR Locations in RISE Catalog
https://geoconnex.us/usbr/rise/locations/3514,https://data.usbr.gov/location/3514,CGS-IoW,USBR Locations in RISE Catalog
https://geoconnex.us/usbr/rise/locations/3515,https://data.usbr.gov/location/3515,CGS-IoW,USBR Locations in RISE Catalog
https://geoconnex.us/usbr/rise/locations/3516,https://data.usbr.gov/location/3516,CGS-IoW,USBR Locations in RISE Catalog
https://geoconnex.us/usbr/rise/locations/3517,https://data.usbr.gov/location/3517,CGS-IoW,USBR Locations in RISE Catalog
https://geoconnex.us/usbr/rise/locations/3518,https://data.usbr.gov/location/3518,CGS-IoW,USBR Locations in RISE Catalog
https://geoconnex.us/usbr/rise/locations/3519,https://data.usbr.gov/location/3519,CGS-IoW,USBR Locations in RISE Catalog
https://geoconnex.us/usbr/rise/locations/3520,https://data.usbr.gov/location/3520,CGS-IoW,USBR Locations in RISE Catalog
https://geoconnex.us/usbr/rise/locations/3521,https://data.usbr.gov/location/3521,CGS-IoW,USBR Locations in RISE Catalog
https://geoconnex.us/usbr/rise/locations/3522,https://data.usbr.gov/location/3522,CGS-IoW,USBR Locations in RISE Catalog
https://geoconnex.us/usbr/rise/locations/3523,https://data.usbr.gov/location/3523,CGS-IoW,USBR Locations in RISE Catalog
https://geoconnex.us/usbr/rise/locations/3524,https://data.usbr.gov/location/3524,CGS-IoW,USBR Locations in RISE Catalog
https://geoconnex.us/usbr/rise/locations/3525,https://data.usbr.gov/location/3525,CGS-IoW,USBR Locations in RISE Catalog
https://geoconnex.us/usbr/rise/locations/3530,https://data.usbr.gov/location/3530,CGS-IoW,USBR Locations in RISE Catalog
https://geoconnex.us/usbr/rise/locations/3531,https://data.usbr.gov/location/3531,CGS-IoW,USBR Locations in RISE Catalog
https://geoconnex.us/usbr/rise/locations/3532,https://data.usbr.gov/location/3532,CGS-IoW,USBR Locations in RISE Catalog
https://geoconnex.us/usbr/rise/locations/3533,https://data.usbr.gov/location/3533,CGS-IoW,USBR Locations in RISE Catalog
https://geoconnex.us/usbr/rise/locations/3534,https://data.usbr.gov/location/3534,CGS-IoW,USBR Locations in RISE Catalog
https://geoconnex.us/usbr/rise/locations/3535,https://data.usbr.gov/location/3535,CGS-IoW,USBR Locations in RISE Catalog
https://geoconnex.us/usbr/rise/locations/3536,https://data.usbr.gov/location/3536,CGS-IoW,USBR Locations in RISE Catalog
https://geoconnex.us/usbr/rise/locations/3537,https://data.usbr.gov/location/3537,CGS-IoW,USBR Locations in RISE Catalog
https://geoconnex.us/usbr/rise/locations/3538,https://data.usbr.gov/location/3538,CGS-IoW,USBR Locations in RISE Catalog
https://geoconnex.us/usbr/rise/locations/3539,https://data.usbr.gov/location/3539,CGS-IoW,USBR Locations in RISE Catalog
https://geoconnex.us/usbr/rise/locations/3540,https://data.usbr.gov/location/3540,CGS-IoW,USBR Locations in RISE Catalog
https://geoconnex.us/usbr/rise/locations/3541,https://data.usbr.gov/location/3541,CGS-IoW,USBR Locations in RISE Catalog
https://geoconnex.us/usbr/rise/locations/3542,https://data.usbr.gov/location/3542,CGS-IoW,USBR Locations in RISE Catalog
https://geoconnex.us/usbr/rise/locations/3543,https://data.usbr.gov/location/3543,CGS-IoW,USBR Locations in RISE Catalog
https://geoconnex.us/usbr/rise/locations/3544,https://data.usbr.gov/location/3544,CGS-IoW,USBR Locations in RISE Catalog
https://geoconnex.us/usbr/rise/locations/3545,https://data.usbr.gov/location/3545,CGS-IoW,USBR Locations in RISE Catalog
https://geoconnex.us/usbr/rise/locations/3546,https://data.usbr.gov/location/3546,CGS-IoW,USBR Locations in RISE Catalog
https://geoconnex.us/usbr/rise/locations/3547,https://data.usbr.gov/location/3547,CGS-IoW,USBR Locations in RISE Catalog
https://geoconnex.us/usbr/rise/locations/3548,https://data.usbr.gov/location/3548,CGS-IoW,USBR Locations in RISE Catalog
https://geoconnex.us/usbr/rise/locations/3549,https://data.usbr.gov/location/3549,CGS-IoW,USBR Locations in RISE Catalog
https://geoconnex.us/usbr/rise/locations/3550,https://data.usbr.gov/location/3550,CGS-IoW,USBR Locations in RISE Catalog
https://geoconnex.us/usbr/rise/locations/3551,https://data.usbr.gov/location/3551,CGS-IoW,USBR Locations in RISE Catalog
https://geoconnex.us/usbr/rise/locations/3552,https://data.usbr.gov/location/3552,CGS-IoW,USBR Locations in RISE Catalog
https://geoconnex.us/usbr/rise/locations/3553,https://data.usbr.gov/location/3553,CGS-IoW,USBR Locations in RISE Catalog
https://geoconnex.us/usbr/rise/locations/3554,https://data.usbr.gov/location/3554,CGS-IoW,USBR Locations in RISE Catalog
https://geoconnex.us/usbr/rise/locations/3555,https://data.usbr.gov/location/3555,CGS-IoW,USBR Locations in RISE Catalog
https://geoconnex.us/usbr/rise/locations/3556,https://data.usbr.gov/location/3556,CGS-IoW,USBR Locations in RISE Catalog
https://geoconnex.us/usbr/rise/locations/3557,https://data.usbr.gov/location/3557,CGS-IoW,USBR Locations in RISE Catalog
https://geoconnex.us/usbr/rise/locations/3558,https://data.usbr.gov/location/3558,CGS-IoW,USBR Locations in RISE Catalog
https://geoconnex.us/usbr/rise/locations/3559,https://data.usbr.gov/location/3559,CGS-IoW,USBR Locations in RISE Catalog
https://geoconnex.us/usbr/rise/locations/3560,https://data.usbr.gov/location/3560,CGS-IoW,USBR Locations in RISE Catalog
https://geoconnex.us/usbr/rise/locations/3561,https://data.usbr.gov/location/3561,CGS-IoW,USBR Locations in RISE Catalog
https://geoconnex.us/usbr/rise/locations/3562,https://data.usbr.gov/location/3562,CGS-IoW,USBR Locations in RISE Catalog
https://geoconnex.us/usbr/rise/locations/3563,https://data.usbr.gov/location/3563,CGS-IoW,USBR Locations in RISE Catalog
https://geoconnex.us/usbr/rise/locations/3564,https://data.usbr.gov/location/3564,CGS-IoW,USBR Locations in RISE Catalog
https://geoconnex.us/usbr/rise/locations/3565,https://data.usbr.gov/location/3565,CGS-IoW,USBR Locations in RISE Catalog
https://geoconnex.us/usbr/rise/locations/3566,https://data.usbr.gov/location/3566,CGS-IoW,USBR Locations in RISE Catalog
https://geoconnex.us/usbr/rise/locations/3567,https://data.usbr.gov/location/3567,CGS-IoW,USBR Locations in RISE Catalog
https://geoconnex.us/usbr/rise/locations/3568,https://data.usbr.gov/location/3568,CGS-IoW,USBR Locations in RISE Catalog
https://geoconnex.us/usbr/rise/locations/3569,https://data.usbr.gov/location/3569,CGS-IoW,USBR Locations in RISE Catalog
https://geoconnex.us/usbr/rise/locations/3570,https://data.usbr.gov/location/3570,CGS-IoW,USBR Locations in RISE Catalog
https://geoconnex.us/usbr/rise/locations/3571,https://data.usbr.gov/location/3571,CGS-IoW,USBR Locations in RISE Catalog
https://geoconnex.us/usbr/rise/locations/3572,https://data.usbr.gov/location/3572,CGS-IoW,USBR Locations in RISE Catalog
https://geoconnex.us/usbr/rise/locations/3573,https://data.usbr.gov/location/3573,CGS-IoW,USBR Locations in RISE Catalog
https://geoconnex.us/usbr/rise/locations/3574,https://data.usbr.gov/location/3574,CGS-IoW,USBR Locations in RISE Catalog
https://geoconnex.us/usbr/rise/locations/3575,https://data.usbr.gov/location/3575,CGS-IoW,USBR Locations in RISE Catalog
https://geoconnex.us/usbr/rise/locations/3576,https://data.usbr.gov/location/3576,CGS-IoW,USBR Locations in RISE Catalog
https://geoconnex.us/usbr/rise/locations/3577,https://data.usbr.gov/location/3577,CGS-IoW,USBR Locations in RISE Catalog
https://geoconnex.us/usbr/rise/locations/3578,https://data.usbr.gov/location/3578,CGS-IoW,USBR Locations in RISE Catalog
https://geoconnex.us/usbr/rise/locations/3579,https://data.usbr.gov/location/3579,CGS-IoW,USBR Locations in RISE Catalog
https://geoconnex.us/usbr/rise/locations/3580,https://data.usbr.gov/location/3580,CGS-IoW,USBR Locations in RISE Catalog
https://geoconnex.us/usbr/rise/locations/3581,https://data.usbr.gov/location/3581,CGS-IoW,USBR Locations in RISE Catalog
https://geoconnex.us/usbr/rise/locations/3582,https://data.usbr.gov/location/3582,CGS-IoW,USBR Locations in RISE Catalog
https://geoconnex.us/usbr/rise/locations/3583,https://data.usbr.gov/location/3583,CGS-IoW,USBR Locations in RISE Catalog
https://geoconnex.us/usbr/rise/locations/3585,https://data.usbr.gov/location/3585,CGS-IoW,USBR Locations in RISE Catalog
https://geoconnex.us/usbr/rise/locations/3588,https://data.usbr.gov/location/3588,CGS-IoW,USBR Locations in RISE Catalog
https://geoconnex.us/usbr/rise/locations/3589,https://data.usbr.gov/location/3589,CGS-IoW,USBR Locations in RISE Catalog
https://geoconnex.us/usbr/rise/locations/3590,https://data.usbr.gov/location/3590,CGS-IoW,USBR Locations in RISE Catalog
https://geoconnex.us/usbr/rise/locations/3591,https://data.usbr.gov/location/3591,CGS-IoW,USBR Locations in RISE Catalog
https://geoconnex.us/usbr/rise/locations/3592,https://data.usbr.gov/location/3592,CGS-IoW,USBR Locations in RISE Catalog
https://geoconnex.us/usbr/rise/locations/3593,https://data.usbr.gov/location/3593,CGS-IoW,USBR Locations in RISE Catalog
https://geoconnex.us/usbr/rise/locations/3594,https://data.usbr.gov/location/3594,CGS-IoW,USBR Locations in RISE Catalog
https://geoconnex.us/usbr/rise/locations/3595,https://data.usbr.gov/location/3595,CGS-IoW,USBR Locations in RISE Catalog
https://geoconnex.us/usbr/rise/locations/3596,https://data.usbr.gov/location/3596,CGS-IoW,USBR Locations in RISE Catalog
https://geoconnex.us/usbr/rise/locations/3597,https://data.usbr.gov/location/3597,CGS-IoW,USBR Locations in RISE Catalog
https://geoconnex.us/usbr/rise/locations/3603,https://data.usbr.gov/location/3603,CGS-IoW,USBR Locations in RISE Catalog
https://geoconnex.us/usbr/rise/locations/3604,https://data.usbr.gov/location/3604,CGS-IoW,USBR Locations in RISE Catalog
https://geoconnex.us/usbr/rise/locations/3605,https://data.usbr.gov/location/3605,CGS-IoW,USBR Locations in RISE Catalog
https://geoconnex.us/usbr/rise/locations/3606,https://data.usbr.gov/location/3606,CGS-IoW,USBR Locations in RISE Catalog
https://geoconnex.us/usbr/rise/locations/3611,https://data.usbr.gov/location/3611,CGS-IoW,USBR Locations in RISE Catalog
https://geoconnex.us/usbr/rise/locations/3613,https://data.usbr.gov/location/3613,CGS-IoW,USBR Locations in RISE Catalog
https://geoconnex.us/usbr/rise/locations/3618,https://data.usbr.gov/location/3618,CGS-IoW,USBR Locations in RISE Catalog
https://geoconnex.us/usbr/rise/locations/3624,https://data.usbr.gov/location/3624,CGS-IoW,USBR Locations in RISE Catalog
https://geoconnex.us/usbr/rise/locations/3626,https://data.usbr.gov/location/3626,CGS-IoW,USBR Locations in RISE Catalog
https://geoconnex.us/usbr/rise/locations/3631,https://data.usbr.gov/location/3631,CGS-IoW,USBR Locations in RISE Catalog
https://geoconnex.us/usbr/rise/locations/3632,https://data.usbr.gov/location/3632,CGS-IoW,USBR Locations in RISE Catalog
https://geoconnex.us/usbr/rise/locations/3633,https://data.usbr.gov/location/3633,CGS-IoW,USBR Locations in RISE Catalog
https://geoconnex.us/usbr/rise/locations/3634,https://data.usbr.gov/location/3634,CGS-IoW,USBR Locations in RISE Catalog
https://geoconnex.us/usbr/rise/locations/3636,https://data.usbr.gov/location/3636,CGS-IoW,USBR Locations in RISE Catalog
https://geoconnex.us/usbr/rise/locations/3637,https://data.usbr.gov/location/3637,CGS-IoW,USBR Locations in RISE Catalog
https://geoconnex.us/usbr/rise/locations/3638,https://data.usbr.gov/location/3638,CGS-IoW,USBR Locations in RISE Catalog
https://geoconnex.us/usbr/rise/locations/3639,https://data.usbr.gov/location/3639,CGS-IoW,USBR Locations in RISE Catalog
https://geoconnex.us/usbr/rise/locations/3640,https://data.usbr.gov/location/3640,CGS-IoW,USBR Locations in RISE Catalog
https://geoconnex.us/usbr/rise/locations/3644,https://data.usbr.gov/location/3644,CGS-IoW,USBR Locations in RISE Catalog
https://geoconnex.us/usbr/rise/locations/3648,https://data.usbr.gov/location/3648,CGS-IoW,USBR Locations in RISE Catalog
https://geoconnex.us/usbr/rise/locations/3650,https://data.usbr.gov/location/3650,CGS-IoW,USBR Locations in RISE Catalog
https://geoconnex.us/usbr/rise/locations/3652,https://data.usbr.gov/location/3652,CGS-IoW,USBR Locations in RISE Catalog
https://geoconnex.us/usbr/rise/locations/3654,https://data.usbr.gov/location/3654,CGS-IoW,USBR Locations in RISE Catalog
https://geoconnex.us/usbr/rise/locations/3656,https://data.usbr.gov/location/3656,CGS-IoW,USBR Locations in RISE Catalog
https://geoconnex.us/usbr/rise/locations/3657,https://data.usbr.gov/location/3657,CGS-IoW,USBR Locations in RISE Catalog
https://geoconnex.us/usbr/rise/locations/3658,https://data.usbr.gov/location/3658,CGS-IoW,USBR Locations in RISE Catalog
https://geoconnex.us/usbr/rise/locations/3660,https://data.usbr.gov/location/3660,CGS-IoW,USBR Locations in RISE Catalog
https://geoconnex.us/usbr/rise/locations/3667,https://data.usbr.gov/location/3667,CGS-IoW,USBR Locations in RISE Catalog
https://geoconnex.us/usbr/rise/locations/3670,https://data.usbr.gov/location/3670,CGS-IoW,USBR Locations in RISE Catalog
https://geoconnex.us/usbr/rise/locations/3674,https://data.usbr.gov/location/3674,CGS-IoW,USBR Locations in RISE Catalog
https://geoconnex.us/usbr/rise/locations/3675,https://data.usbr.gov/location/3675,CGS-IoW,USBR Locations in RISE Catalog
https://geoconnex.us/usbr/rise/locations/3676,https://data.usbr.gov/location/3676,CGS-IoW,USBR Locations in RISE Catalog
https://geoconnex.us/usbr/rise/locations/3677,https://data.usbr.gov/location/3677,CGS-IoW,USBR Locations in RISE Catalog
https://geoconnex.us/usbr/rise/locations/3679,https://data.usbr.gov/location/3679,CGS-IoW,USBR Locations in RISE Catalog
https://geoconnex.us/usbr/rise/locations/3685,https://data.usbr.gov/location/3685,CGS-IoW,USBR Locations in RISE Catalog
https://geoconnex.us/usbr/rise/locations/3691,https://data.usbr.gov/location/3691,CGS-IoW,USBR Locations in RISE Catalog
https://geoconnex.us/usbr/rise/locations/3695,https://data.usbr.gov/location/3695,CGS-IoW,USBR Locations in RISE Catalog
https://geoconnex.us/usbr/rise/locations/3711,https://data.usbr.gov/location/3711,CGS-IoW,USBR Locations in RISE Catalog
https://geoconnex.us/usbr/rise/locations/3712,https://data.usbr.gov/location/3712,CGS-IoW,USBR Locations in RISE Catalog
https://geoconnex.us/usbr/rise/locations/3730,https://data.usbr.gov/location/3730,CGS-IoW,USBR Locations in RISE Catalog
https://geoconnex.us/usbr/rise/locations/3734,https://data.usbr.gov/location/3734,CGS-IoW,USBR Locations in RISE Catalog
https://geoconnex.us/usbr/rise/locations/3735,https://data.usbr.gov/location/3735,CGS-IoW,USBR Locations in RISE Catalog
https://geoconnex.us/usbr/rise/locations/3736,https://data.usbr.gov/location/3736,CGS-IoW,USBR Locations in RISE Catalog
https://geoconnex.us/usbr/rise/locations/5309,https://data.usbr.gov/location/5309,CGS-IoW,USBR Locations in RISE Catalog
https://geoconnex.us/usbr/rise/locations/6882,https://data.usbr.gov/location/6882,CGS-IoW,USBR Locations in RISE Catalog
https://geoconnex.us/usbr/rise/locations/6888,https://data.usbr.gov/location/6888,CGS-IoW,USBR Locations in RISE Catalog
https://geoconnex.us/usbr/rise/locations/6889,https://data.usbr.gov/location/6889,CGS-IoW,USBR Locations in RISE Catalog
