id,target
https://geoconnex.us/wwdh/rise/1,https://api.wwdh.internetofwater.app/collections/rise-edr/items/1
https://geoconnex.us/wwdh/rise/2,https://api.wwdh.internetofwater.app/collections/rise-edr/items/2
https://geoconnex.us/wwdh/rise/3,https://api.wwdh.internetofwater.app/collections/rise-edr/items/3
https://geoconnex.us/wwdh/rise/5,https://api.wwdh.internetofwater.app/collections/rise-edr/items/5
https://geoconnex.us/wwdh/rise/6,https://api.wwdh.internetofwater.app/collections/rise-edr/items/6
https://geoconnex.us/wwdh/rise/7,https://api.wwdh.internetofwater.app/collections/rise-edr/items/7
https://geoconnex.us/wwdh/rise/257,https://api.wwdh.internetofwater.app/collections/rise-edr/items/257
https://geoconnex.us/wwdh/rise/259,https://api.wwdh.internetofwater.app/collections/rise-edr/items/259
https://geoconnex.us/wwdh/rise/262,https://api.wwdh.internetofwater.app/collections/rise-edr/items/262
https://geoconnex.us/wwdh/rise/266,https://api.wwdh.internetofwater.app/collections/rise-edr/items/266
https://geoconnex.us/wwdh/rise/267,https://api.wwdh.internetofwater.app/collections/rise-edr/items/267
https://geoconnex.us/wwdh/rise/268,https://api.wwdh.internetofwater.app/collections/rise-edr/items/268
https://geoconnex.us/wwdh/rise/269,https://api.wwdh.internetofwater.app/collections/rise-edr/items/269
https://geoconnex.us/wwdh/rise/271,https://api.wwdh.internetofwater.app/collections/rise-edr/items/271
https://geoconnex.us/wwdh/rise/272,https://api.wwdh.internetofwater.app/collections/rise-edr/items/272
https://geoconnex.us/wwdh/rise/274,https://api.wwdh.internetofwater.app/collections/rise-edr/items/274
https://geoconnex.us/wwdh/rise/275,https://api.wwdh.internetofwater.app/collections/rise-edr/items/275
https://geoconnex.us/wwdh/rise/276,https://api.wwdh.internetofwater.app/collections/rise-edr/items/276
https://geoconnex.us/wwdh/rise/277,https://api.wwdh.internetofwater.app/collections/rise-edr/items/277
https://geoconnex.us/wwdh/rise/278,https://api.wwdh.internetofwater.app/collections/rise-edr/items/278
https://geoconnex.us/wwdh/rise/281,https://api.wwdh.internetofwater.app/collections/rise-edr/items/281
https://geoconnex.us/wwdh/rise/282,https://api.wwdh.internetofwater.app/collections/rise-edr/items/282
https://geoconnex.us/wwdh/rise/286,https://api.wwdh.internetofwater.app/collections/rise-edr/items/286
https://geoconnex.us/wwdh/rise/287,https://api.wwdh.internetofwater.app/collections/rise-edr/items/287
https://geoconnex.us/wwdh/rise/288,https://api.wwdh.internetofwater.app/collections/rise-edr/items/288
https://geoconnex.us/wwdh/rise/289,https://api.wwdh.internetofwater.app/collections/rise-edr/items/289
https://geoconnex.us/wwdh/rise/291,https://api.wwdh.internetofwater.app/collections/rise-edr/items/291
https://geoconnex.us/wwdh/rise/292,https://api.wwdh.internetofwater.app/collections/rise-edr/items/292
https://geoconnex.us/wwdh/rise/293,https://api.wwdh.internetofwater.app/collections/rise-edr/items/293
https://geoconnex.us/wwdh/rise/294,https://api.wwdh.internetofwater.app/collections/rise-edr/items/294
https://geoconnex.us/wwdh/rise/295,https://api.wwdh.internetofwater.app/collections/rise-edr/items/295
https://geoconnex.us/wwdh/rise/305,https://api.wwdh.internetofwater.app/collections/rise-edr/items/305
https://geoconnex.us/wwdh/rise/310,https://api.wwdh.internetofwater.app/collections/rise-edr/items/310
https://geoconnex.us/wwdh/rise/311,https://api.wwdh.internetofwater.app/collections/rise-edr/items/311
https://geoconnex.us/wwdh/rise/314,https://api.wwdh.internetofwater.app/collections/rise-edr/items/314
https://geoconnex.us/wwdh/rise/315,https://api.wwdh.internetofwater.app/collections/rise-edr/items/315
https://geoconnex.us/wwdh/rise/318,https://api.wwdh.internetofwater.app/collections/rise-edr/items/318
https://geoconnex.us/wwdh/rise/319,https://api.wwdh.internetofwater.app/collections/rise-edr/items/319
https://geoconnex.us/wwdh/rise/320,https://api.wwdh.internetofwater.app/collections/rise-edr/items/320
https://geoconnex.us/wwdh/rise/321,https://api.wwdh.internetofwater.app/collections/rise-edr/items/321
https://geoconnex.us/wwdh/rise/323,https://api.wwdh.internetofwater.app/collections/rise-edr/items/323
https://geoconnex.us/wwdh/rise/324,https://api.wwdh.internetofwater.app/collections/rise-edr/items/324
https://geoconnex.us/wwdh/rise/331,https://api.wwdh.internetofwater.app/collections/rise-edr/items/331
https://geoconnex.us/wwdh/rise/334,https://api.wwdh.internetofwater.app/collections/rise-edr/items/334
https://geoconnex.us/wwdh/rise/337,https://api.wwdh.internetofwater.app/collections/rise-edr/items/337
https://geoconnex.us/wwdh/rise/338,https://api.wwdh.internetofwater.app/collections/rise-edr/items/338
https://geoconnex.us/wwdh/rise/342,https://api.wwdh.internetofwater.app/collections/rise-edr/items/342
https://geoconnex.us/wwdh/rise/344,https://api.wwdh.internetofwater.app/collections/rise-edr/items/344
https://geoconnex.us/wwdh/rise/345,https://api.wwdh.internetofwater.app/collections/rise-edr/items/345
https://geoconnex.us/wwdh/rise/351,https://api.wwdh.internetofwater.app/collections/rise-edr/items/351
https://geoconnex.us/wwdh/rise/353,https://api.wwdh.internetofwater.app/collections/rise-edr/items/353
https://geoconnex.us/wwdh/rise/357,https://api.wwdh.internetofwater.app/collections/rise-edr/items/357
https://geoconnex.us/wwdh/rise/365,https://api.wwdh.internetofwater.app/collections/rise-edr/items/365
https://geoconnex.us/wwdh/rise/369,https://api.wwdh.internetofwater.app/collections/rise-edr/items/369
https://geoconnex.us/wwdh/rise/370,https://api.wwdh.internetofwater.app/collections/rise-edr/items/370
https://geoconnex.us/wwdh/rise/372,https://api.wwdh.internetofwater.app/collections/rise-edr/items/372
https://geoconnex.us/wwdh/rise/378,https://api.wwdh.internetofwater.app/collections/rise-edr/items/378
https://geoconnex.us/wwdh/rise/379,https://api.wwdh.internetofwater.app/collections/rise-edr/items/379
https://geoconnex.us/wwdh/rise/381,https://api.wwdh.internetofwater.app/collections/rise-edr/items/381
https://geoconnex.us/wwdh/rise/383,https://api.wwdh.internetofwater.app/collections/rise-edr/items/383
https://geoconnex.us/wwdh/rise/384,https://api.wwdh.internetofwater.app/collections/rise-edr/items/384
https://geoconnex.us/wwdh/rise/387,https://api.wwdh.internetofwater.app/collections/rise-edr/items/387
https://geoconnex.us/wwdh/rise/388,https://api.wwdh.internetofwater.app/collections/rise-edr/items/388
https://geoconnex.us/wwdh/rise/390,https://api.wwdh.internetofwater.app/collections/rise-edr/items/390
https://geoconnex.us/wwdh/rise/391,https://api.wwdh.internetofwater.app/collections/rise-edr/items/391
https://geoconnex.us/wwdh/rise/392,https://api.wwdh.internetofwater.app/collections/rise-edr/items/392
https://geoconnex.us/wwdh/rise/393,https://api.wwdh.internetofwater.app/collections/rise-edr/items/393
https://geoconnex.us/wwdh/rise/394,https://api.wwdh.internetofwater.app/collections/rise-edr/items/394
https://geoconnex.us/wwdh/rise/395,https://api.wwdh.internetofwater.app/collections/rise-edr/items/395
https://geoconnex.us/wwdh/rise/396,https://api.wwdh.internetofwater.app/collections/rise-edr/items/396
https://geoconnex.us/wwdh/rise/397,https://api.wwdh.internetofwater.app/collections/rise-edr/items/397
https://geoconnex.us/wwdh/rise/398,https://api.wwdh.internetofwater.app/collections/rise-edr/items/398
https://geoconnex.us/wwdh/rise/399,https://api.wwdh.internetofwater.app/collections/rise-edr/items/399
https://geoconnex.us/wwdh/rise/400,https://api.wwdh.internetofwater.app/collections/rise-edr/items/400
https://geoconnex.us/wwdh/rise/402,https://api.wwdh.internetofwater.app/collections/rise-edr/items/402
https://geoconnex.us/wwdh/rise/404,https://api.wwdh.internetofwater.app/collections/rise-edr/items/404
https://geoconnex.us/wwdh/rise/408,https://api.wwdh.internetofwater.app/collections/rise-edr/items/408
https://geoconnex.us/wwdh/rise/410,https://api.wwdh.internetofwater.app/collections/rise-edr/items/410
https://geoconnex.us/wwdh/rise/411,https://api.wwdh.internetofwater.app/collections/rise-edr/items/411
https://geoconnex.us/wwdh/rise/413,https://api.wwdh.internetofwater.app/collections/rise-edr/items/413
https://geoconnex.us/wwdh/rise/416,https://api.wwdh.internetofwater.app/collections/rise-edr/items/416
https://geoconnex.us/wwdh/rise/417,https://api.wwdh.internetofwater.app/collections/rise-edr/items/417
https://geoconnex.us/wwdh/rise/418,https://api.wwdh.internetofwater.app/collections/rise-edr/items/418
https://geoconnex.us/wwdh/rise/419,https://api.wwdh.internetofwater.app/collections/rise-edr/items/419
https://geoconnex.us/wwdh/rise/421,https://api.wwdh.internetofwater.app/collections/rise-edr/items/421
https://geoconnex.us/wwdh/rise/422,https://api.wwdh.internetofwater.app/collections/rise-edr/items/422
https://geoconnex.us/wwdh/rise/423,https://api.wwdh.internetofwater.app/collections/rise-edr/items/423
https://geoconnex.us/wwdh/rise/424,https://api.wwdh.internetofwater.app/collections/rise-edr/items/424
https://geoconnex.us/wwdh/rise/425,https://api.wwdh.internetofwater.app/collections/rise-edr/items/425
https://geoconnex.us/wwdh/rise/429,https://api.wwdh.internetofwater.app/collections/rise-edr/items/429
https://geoconnex.us/wwdh/rise/431,https://api.wwdh.internetofwater.app/collections/rise-edr/items/431
https://geoconnex.us/wwdh/rise/433,https://api.wwdh.internetofwater.app/collections/rise-edr/items/433
https://geoconnex.us/wwdh/rise/435,https://api.wwdh.internetofwater.app/collections/rise-edr/items/435
https://geoconnex.us/wwdh/rise/437,https://api.wwdh.internetofwater.app/collections/rise-edr/items/437
https://geoconnex.us/wwdh/rise/438,https://api.wwdh.internetofwater.app/collections/rise-edr/items/438
https://geoconnex.us/wwdh/rise/443,https://api.wwdh.internetofwater.app/collections/rise-edr/items/443
https://geoconnex.us/wwdh/rise/444,https://api.wwdh.internetofwater.app/collections/rise-edr/items/444
https://geoconnex.us/wwdh/rise/445,https://api.wwdh.internetofwater.app/collections/rise-edr/items/445
https://geoconnex.us/wwdh/rise/447,https://api.wwdh.internetofwater.app/collections/rise-edr/items/447
https://geoconnex.us/wwdh/rise/448,https://api.wwdh.internetofwater.app/collections/rise-edr/items/448
https://geoconnex.us/wwdh/rise/453,https://api.wwdh.internetofwater.app/collections/rise-edr/items/453
https://geoconnex.us/wwdh/rise/456,https://api.wwdh.internetofwater.app/collections/rise-edr/items/456
https://geoconnex.us/wwdh/rise/458,https://api.wwdh.internetofwater.app/collections/rise-edr/items/458
https://geoconnex.us/wwdh/rise/466,https://api.wwdh.internetofwater.app/collections/rise-edr/items/466
https://geoconnex.us/wwdh/rise/467,https://api.wwdh.internetofwater.app/collections/rise-edr/items/467
https://geoconnex.us/wwdh/rise/471,https://api.wwdh.internetofwater.app/collections/rise-edr/items/471
https://geoconnex.us/wwdh/rise/473,https://api.wwdh.internetofwater.app/collections/rise-edr/items/473
https://geoconnex.us/wwdh/rise/475,https://api.wwdh.internetofwater.app/collections/rise-edr/items/475
https://geoconnex.us/wwdh/rise/476,https://api.wwdh.internetofwater.app/collections/rise-edr/items/476
https://geoconnex.us/wwdh/rise/477,https://api.wwdh.internetofwater.app/collections/rise-edr/items/477
https://geoconnex.us/wwdh/rise/483,https://api.wwdh.internetofwater.app/collections/rise-edr/items/483
https://geoconnex.us/wwdh/rise/484,https://api.wwdh.internetofwater.app/collections/rise-edr/items/484
https://geoconnex.us/wwdh/rise/485,https://api.wwdh.internetofwater.app/collections/rise-edr/items/485
https://geoconnex.us/wwdh/rise/486,https://api.wwdh.internetofwater.app/collections/rise-edr/items/486
https://geoconnex.us/wwdh/rise/488,https://api.wwdh.internetofwater.app/collections/rise-edr/items/488
https://geoconnex.us/wwdh/rise/489,https://api.wwdh.internetofwater.app/collections/rise-edr/items/489
https://geoconnex.us/wwdh/rise/490,https://api.wwdh.internetofwater.app/collections/rise-edr/items/490
https://geoconnex.us/wwdh/rise/491,https://api.wwdh.internetofwater.app/collections/rise-edr/items/491
https://geoconnex.us/wwdh/rise/498,https://api.wwdh.internetofwater.app/collections/rise-edr/items/498
https://geoconnex.us/wwdh/rise/499,https://api.wwdh.internetofwater.app/collections/rise-edr/items/499
https://geoconnex.us/wwdh/rise/500,https://api.wwdh.internetofwater.app/collections/rise-edr/items/500
https://geoconnex.us/wwdh/rise/501,https://api.wwdh.internetofwater.app/collections/rise-edr/items/501
https://geoconnex.us/wwdh/rise/504,https://api.wwdh.internetofwater.app/collections/rise-edr/items/504
https://geoconnex.us/wwdh/rise/506,https://api.wwdh.internetofwater.app/collections/rise-edr/items/506
https://geoconnex.us/wwdh/rise/507,https://api.wwdh.internetofwater.app/collections/rise-edr/items/507
https://geoconnex.us/wwdh/rise/508,https://api.wwdh.internetofwater.app/collections/rise-edr/items/508
https://geoconnex.us/wwdh/rise/509,https://api.wwdh.internetofwater.app/collections/rise-edr/items/509
https://geoconnex.us/wwdh/rise/512,https://api.wwdh.internetofwater.app/collections/rise-edr/items/512
https://geoconnex.us/wwdh/rise/515,https://api.wwdh.internetofwater.app/collections/rise-edr/items/515
https://geoconnex.us/wwdh/rise/1533,https://api.wwdh.internetofwater.app/collections/rise-edr/items/1533
https://geoconnex.us/wwdh/rise/1534,https://api.wwdh.internetofwater.app/collections/rise-edr/items/1534
https://geoconnex.us/wwdh/rise/1535,https://api.wwdh.internetofwater.app/collections/rise-edr/items/1535
https://geoconnex.us/wwdh/rise/1536,https://api.wwdh.internetofwater.app/collections/rise-edr/items/1536
https://geoconnex.us/wwdh/rise/3091,https://api.wwdh.internetofwater.app/collections/rise-edr/items/3091
https://geoconnex.us/wwdh/rise/3122,https://api.wwdh.internetofwater.app/collections/rise-edr/items/3122
https://geoconnex.us/wwdh/rise/3125,https://api.wwdh.internetofwater.app/collections/rise-edr/items/3125
https://geoconnex.us/wwdh/rise/3177,https://api.wwdh.internetofwater.app/collections/rise-edr/items/3177
https://geoconnex.us/wwdh/rise/3178,https://api.wwdh.internetofwater.app/collections/rise-edr/items/3178
https://geoconnex.us/wwdh/rise/3180,https://api.wwdh.internetofwater.app/collections/rise-edr/items/3180
https://geoconnex.us/wwdh/rise/3181,https://api.wwdh.internetofwater.app/collections/rise-edr/items/3181
https://geoconnex.us/wwdh/rise/3182,https://api.wwdh.internetofwater.app/collections/rise-edr/items/3182
https://geoconnex.us/wwdh/rise/3183,https://api.wwdh.internetofwater.app/collections/rise-edr/items/3183
https://geoconnex.us/wwdh/rise/3184,https://api.wwdh.internetofwater.app/collections/rise-edr/items/3184
https://geoconnex.us/wwdh/rise/3185,https://api.wwdh.internetofwater.app/collections/rise-edr/items/3185
https://geoconnex.us/wwdh/rise/3186,https://api.wwdh.internetofwater.app/collections/rise-edr/items/3186
https://geoconnex.us/wwdh/rise/3187,https://api.wwdh.internetofwater.app/collections/rise-edr/items/3187
https://geoconnex.us/wwdh/rise/3188,https://api.wwdh.internetofwater.app/collections/rise-edr/items/3188
https://geoconnex.us/wwdh/rise/3189,https://api.wwdh.internetofwater.app/collections/rise-edr/items/3189
https://geoconnex.us/wwdh/rise/3190,https://api.wwdh.internetofwater.app/collections/rise-edr/items/3190
https://geoconnex.us/wwdh/rise/3191,https://api.wwdh.internetofwater.app/collections/rise-edr/items/3191
https://geoconnex.us/wwdh/rise/3192,https://api.wwdh.internetofwater.app/collections/rise-edr/items/3192
https://geoconnex.us/wwdh/rise/3193,https://api.wwdh.internetofwater.app/collections/rise-edr/items/3193
https://geoconnex.us/wwdh/rise/3194,https://api.wwdh.internetofwater.app/collections/rise-edr/items/3194
https://geoconnex.us/wwdh/rise/3195,https://api.wwdh.internetofwater.app/collections/rise-edr/items/3195
https://geoconnex.us/wwdh/rise/3196,https://api.wwdh.internetofwater.app/collections/rise-edr/items/3196
https://geoconnex.us/wwdh/rise/3198,https://api.wwdh.internetofwater.app/collections/rise-edr/items/3198
https://geoconnex.us/wwdh/rise/3199,https://api.wwdh.internetofwater.app/collections/rise-edr/items/3199
https://geoconnex.us/wwdh/rise/3200,https://api.wwdh.internetofwater.app/collections/rise-edr/items/3200
https://geoconnex.us/wwdh/rise/3201,https://api.wwdh.internetofwater.app/collections/rise-edr/items/3201
https://geoconnex.us/wwdh/rise/3203,https://api.wwdh.internetofwater.app/collections/rise-edr/items/3203
https://geoconnex.us/wwdh/rise/3204,https://api.wwdh.internetofwater.app/collections/rise-edr/items/3204
https://geoconnex.us/wwdh/rise/3205,https://api.wwdh.internetofwater.app/collections/rise-edr/items/3205
https://geoconnex.us/wwdh/rise/3206,https://api.wwdh.internetofwater.app/collections/rise-edr/items/3206
https://geoconnex.us/wwdh/rise/3207,https://api.wwdh.internetofwater.app/collections/rise-edr/items/3207
https://geoconnex.us/wwdh/rise/3208,https://api.wwdh.internetofwater.app/collections/rise-edr/items/3208
https://geoconnex.us/wwdh/rise/3209,https://api.wwdh.internetofwater.app/collections/rise-edr/items/3209
https://geoconnex.us/wwdh/rise/3210,https://api.wwdh.internetofwater.app/collections/rise-edr/items/3210
https://geoconnex.us/wwdh/rise/3211,https://api.wwdh.internetofwater.app/collections/rise-edr/items/3211
https://geoconnex.us/wwdh/rise/3212,https://api.wwdh.internetofwater.app/collections/rise-edr/items/3212
https://geoconnex.us/wwdh/rise/3213,https://api.wwdh.internetofwater.app/collections/rise-edr/items/3213
https://geoconnex.us/wwdh/rise/3214,https://api.wwdh.internetofwater.app/collections/rise-edr/items/3214
https://geoconnex.us/wwdh/rise/3215,https://api.wwdh.internetofwater.app/collections/rise-edr/items/3215
https://geoconnex.us/wwdh/rise/3216,https://api.wwdh.internetofwater.app/collections/rise-edr/items/3216
https://geoconnex.us/wwdh/rise/3217,https://api.wwdh.internetofwater.app/collections/rise-edr/items/3217
https://geoconnex.us/wwdh/rise/3218,https://api.wwdh.internetofwater.app/collections/rise-edr/items/3218
https://geoconnex.us/wwdh/rise/3219,https://api.wwdh.internetofwater.app/collections/rise-edr/items/3219
https://geoconnex.us/wwdh/rise/3220,https://api.wwdh.internetofwater.app/collections/rise-edr/items/3220
https://geoconnex.us/wwdh/rise/3221,https://api.wwdh.internetofwater.app/collections/rise-edr/items/3221
https://geoconnex.us/wwdh/rise/3222,https://api.wwdh.internetofwater.app/collections/rise-edr/items/3222
https://geoconnex.us/wwdh/rise/3223,https://api.wwdh.internetofwater.app/collections/rise-edr/items/3223
https://geoconnex.us/wwdh/rise/3224,https://api.wwdh.internetofwater.app/collections/rise-edr/items/3224
https://geoconnex.us/wwdh/rise/3225,https://api.wwdh.internetofwater.app/collections/rise-edr/items/3225
https://geoconnex.us/wwdh/rise/3226,https://api.wwdh.internetofwater.app/collections/rise-edr/items/3226
https://geoconnex.us/wwdh/rise/3227,https://api.wwdh.internetofwater.app/collections/rise-edr/items/3227
https://geoconnex.us/wwdh/rise/3228,https://api.wwdh.internetofwater.app/collections/rise-edr/items/3228
https://geoconnex.us/wwdh/rise/3229,https://api.wwdh.internetofwater.app/collections/rise-edr/items/3229
https://geoconnex.us/wwdh/rise/3230,https://api.wwdh.internetofwater.app/collections/rise-edr/items/3230
https://geoconnex.us/wwdh/rise/3231,https://api.wwdh.internetofwater.app/collections/rise-edr/items/3231
https://geoconnex.us/wwdh/rise/3232,https://api.wwdh.internetofwater.app/collections/rise-edr/items/3232
https://geoconnex.us/wwdh/rise/3233,https://api.wwdh.internetofwater.app/collections/rise-edr/items/3233
https://geoconnex.us/wwdh/rise/3234,https://api.wwdh.internetofwater.app/collections/rise-edr/items/3234
https://geoconnex.us/wwdh/rise/3235,https://api.wwdh.internetofwater.app/collections/rise-edr/items/3235
https://geoconnex.us/wwdh/rise/3236,https://api.wwdh.internetofwater.app/collections/rise-edr/items/3236
https://geoconnex.us/wwdh/rise/3237,https://api.wwdh.internetofwater.app/collections/rise-edr/items/3237
https://geoconnex.us/wwdh/rise/3238,https://api.wwdh.internetofwater.app/collections/rise-edr/items/3238
https://geoconnex.us/wwdh/rise/3239,https://api.wwdh.internetofwater.app/collections/rise-edr/items/3239
https://geoconnex.us/wwdh/rise/3240,https://api.wwdh.internetofwater.app/collections/rise-edr/items/3240
https://geoconnex.us/wwdh/rise/3241,https://api.wwdh.internetofwater.app/collections/rise-edr/items/3241
https://geoconnex.us/wwdh/rise/3242,https://api.wwdh.internetofwater.app/collections/rise-edr/items/3242
https://geoconnex.us/wwdh/rise/3243,https://api.wwdh.internetofwater.app/collections/rise-edr/items/3243
https://geoconnex.us/wwdh/rise/3244,https://api.wwdh.internetofwater.app/collections/rise-edr/items/3244
https://geoconnex.us/wwdh/rise/3245,https://api.wwdh.internetofwater.app/collections/rise-edr/items/3245
https://geoconnex.us/wwdh/rise/3246,https://api.wwdh.internetofwater.app/collections/rise-edr/items/3246
https://geoconnex.us/wwdh/rise/3247,https://api.wwdh.internetofwater.app/collections/rise-edr/items/3247
https://geoconnex.us/wwdh/rise/3248,https://api.wwdh.internetofwater.app/collections/rise-edr/items/3248
https://geoconnex.us/wwdh/rise/3249,https://api.wwdh.internetofwater.app/collections/rise-edr/items/3249
https://geoconnex.us/wwdh/rise/3250,https://api.wwdh.internetofwater.app/collections/rise-edr/items/3250
https://geoconnex.us/wwdh/rise/3251,https://api.wwdh.internetofwater.app/collections/rise-edr/items/3251
https://geoconnex.us/wwdh/rise/3252,https://api.wwdh.internetofwater.app/collections/rise-edr/items/3252
https://geoconnex.us/wwdh/rise/3253,https://api.wwdh.internetofwater.app/collections/rise-edr/items/3253
https://geoconnex.us/wwdh/rise/3254,https://api.wwdh.internetofwater.app/collections/rise-edr/items/3254
https://geoconnex.us/wwdh/rise/3255,https://api.wwdh.internetofwater.app/collections/rise-edr/items/3255
https://geoconnex.us/wwdh/rise/3256,https://api.wwdh.internetofwater.app/collections/rise-edr/items/3256
https://geoconnex.us/wwdh/rise/3257,https://api.wwdh.internetofwater.app/collections/rise-edr/items/3257
https://geoconnex.us/wwdh/rise/3258,https://api.wwdh.internetofwater.app/collections/rise-edr/items/3258
https://geoconnex.us/wwdh/rise/3259,https://api.wwdh.internetofwater.app/collections/rise-edr/items/3259
https://geoconnex.us/wwdh/rise/3261,https://api.wwdh.internetofwater.app/collections/rise-edr/items/3261
https://geoconnex.us/wwdh/rise/3262,https://api.wwdh.internetofwater.app/collections/rise-edr/items/3262
https://geoconnex.us/wwdh/rise/3263,https://api.wwdh.internetofwater.app/collections/rise-edr/items/3263
https://geoconnex.us/wwdh/rise/3264,https://api.wwdh.internetofwater.app/collections/rise-edr/items/3264
https://geoconnex.us/wwdh/rise/3265,https://api.wwdh.internetofwater.app/collections/rise-edr/items/3265
https://geoconnex.us/wwdh/rise/3266,https://api.wwdh.internetofwater.app/collections/rise-edr/items/3266
https://geoconnex.us/wwdh/rise/3267,https://api.wwdh.internetofwater.app/collections/rise-edr/items/3267
https://geoconnex.us/wwdh/rise/3268,https://api.wwdh.internetofwater.app/collections/rise-edr/items/3268
https://geoconnex.us/wwdh/rise/3269,https://api.wwdh.internetofwater.app/collections/rise-edr/items/3269
https://geoconnex.us/wwdh/rise/3270,https://api.wwdh.internetofwater.app/collections/rise-edr/items/3270
https://geoconnex.us/wwdh/rise/3271,https://api.wwdh.internetofwater.app/collections/rise-edr/items/3271
https://geoconnex.us/wwdh/rise/3272,https://api.wwdh.internetofwater.app/collections/rise-edr/items/3272
https://geoconnex.us/wwdh/rise/3273,https://api.wwdh.internetofwater.app/collections/rise-edr/items/3273
https://geoconnex.us/wwdh/rise/3274,https://api.wwdh.internetofwater.app/collections/rise-edr/items/3274
https://geoconnex.us/wwdh/rise/3275,https://api.wwdh.internetofwater.app/collections/rise-edr/items/3275
https://geoconnex.us/wwdh/rise/3276,https://api.wwdh.internetofwater.app/collections/rise-edr/items/3276
https://geoconnex.us/wwdh/rise/3277,https://api.wwdh.internetofwater.app/collections/rise-edr/items/3277
https://geoconnex.us/wwdh/rise/3278,https://api.wwdh.internetofwater.app/collections/rise-edr/items/3278
https://geoconnex.us/wwdh/rise/3279,https://api.wwdh.internetofwater.app/collections/rise-edr/items/3279
https://geoconnex.us/wwdh/rise/3280,https://api.wwdh.internetofwater.app/collections/rise-edr/items/3280
https://geoconnex.us/wwdh/rise/3281,https://api.wwdh.internetofwater.app/collections/rise-edr/items/3281
https://geoconnex.us/wwdh/rise/3282,https://api.wwdh.internetofwater.app/collections/rise-edr/items/3282
https://geoconnex.us/wwdh/rise/3283,https://api.wwdh.internetofwater.app/collections/rise-edr/items/3283
https://geoconnex.us/wwdh/rise/3284,https://api.wwdh.internetofwater.app/collections/rise-edr/items/3284
https://geoconnex.us/wwdh/rise/3286,https://api.wwdh.internetofwater.app/collections/rise-edr/items/3286
https://geoconnex.us/wwdh/rise/3287,https://api.wwdh.internetofwater.app/collections/rise-edr/items/3287
https://geoconnex.us/wwdh/rise/3288,https://api.wwdh.internetofwater.app/collections/rise-edr/items/3288
https://geoconnex.us/wwdh/rise/3289,https://api.wwdh.internetofwater.app/collections/rise-edr/items/3289
https://geoconnex.us/wwdh/rise/3290,https://api.wwdh.internetofwater.app/collections/rise-edr/items/3290
https://geoconnex.us/wwdh/rise/3292,https://api.wwdh.internetofwater.app/collections/rise-edr/items/3292
https://geoconnex.us/wwdh/rise/3293,https://api.wwdh.internetofwater.app/collections/rise-edr/items/3293
https://geoconnex.us/wwdh/rise/3294,https://api.wwdh.internetofwater.app/collections/rise-edr/items/3294
https://geoconnex.us/wwdh/rise/3295,https://api.wwdh.internetofwater.app/collections/rise-edr/items/3295
https://geoconnex.us/wwdh/rise/3297,https://api.wwdh.internetofwater.app/collections/rise-edr/items/3297
https://geoconnex.us/wwdh/rise/3298,https://api.wwdh.internetofwater.app/collections/rise-edr/items/3298
https://geoconnex.us/wwdh/rise/3299,https://api.wwdh.internetofwater.app/collections/rise-edr/items/3299
https://geoconnex.us/wwdh/rise/3300,https://api.wwdh.internetofwater.app/collections/rise-edr/items/3300
https://geoconnex.us/wwdh/rise/3301,https://api.wwdh.internetofwater.app/collections/rise-edr/items/3301
https://geoconnex.us/wwdh/rise/3302,https://api.wwdh.internetofwater.app/collections/rise-edr/items/3302
https://geoconnex.us/wwdh/rise/3304,https://api.wwdh.internetofwater.app/collections/rise-edr/items/3304
https://geoconnex.us/wwdh/rise/3305,https://api.wwdh.internetofwater.app/collections/rise-edr/items/3305
https://geoconnex.us/wwdh/rise/3306,https://api.wwdh.internetofwater.app/collections/rise-edr/items/3306
https://geoconnex.us/wwdh/rise/3307,https://api.wwdh.internetofwater.app/collections/rise-edr/items/3307
https://geoconnex.us/wwdh/rise/3308,https://api.wwdh.internetofwater.app/collections/rise-edr/items/3308
https://geoconnex.us/wwdh/rise/3309,https://api.wwdh.internetofwater.app/collections/rise-edr/items/3309
https://geoconnex.us/wwdh/rise/3310,https://api.wwdh.internetofwater.app/collections/rise-edr/items/3310
https://geoconnex.us/wwdh/rise/3311,https://api.wwdh.internetofwater.app/collections/rise-edr/items/3311
https://geoconnex.us/wwdh/rise/3312,https://api.wwdh.internetofwater.app/collections/rise-edr/items/3312
https://geoconnex.us/wwdh/rise/3313,https://api.wwdh.internetofwater.app/collections/rise-edr/items/3313
https://geoconnex.us/wwdh/rise/3314,https://api.wwdh.internetofwater.app/collections/rise-edr/items/3314
https://geoconnex.us/wwdh/rise/3315,https://api.wwdh.internetofwater.app/collections/rise-edr/items/3315
https://geoconnex.us/wwdh/rise/3316,https://api.wwdh.internetofwater.app/collections/rise-edr/items/3316
https://geoconnex.us/wwdh/rise/3317,https://api.wwdh.internetofwater.app/collections/rise-edr/items/3317
https://geoconnex.us/wwdh/rise/3318,https://api.wwdh.internetofwater.app/collections/rise-edr/items/3318
https://geoconnex.us/wwdh/rise/3319,https://api.wwdh.internetofwater.app/collections/rise-edr/items/3319
https://geoconnex.us/wwdh/rise/3320,https://api.wwdh.internetofwater.app/collections/rise-edr/items/3320
https://geoconnex.us/wwdh/rise/3321,https://api.wwdh.internetofwater.app/collections/rise-edr/items/3321
https://geoconnex.us/wwdh/rise/3322,https://api.wwdh.internetofwater.app/collections/rise-edr/items/3322
https://geoconnex.us/wwdh/rise/3323,https://api.wwdh.internetofwater.app/collections/rise-edr/items/3323
https://geoconnex.us/wwdh/rise/3324,https://api.wwdh.internetofwater.app/collections/rise-edr/items/3324
https://geoconnex.us/wwdh/rise/3325,https://api.wwdh.internetofwater.app/collections/rise-edr/items/3325
https://geoconnex.us/wwdh/rise/3326,https://api.wwdh.internetofwater.app/collections/rise-edr/items/3326
https://geoconnex.us/wwdh/rise/3327,https://api.wwdh.internetofwater.app/collections/rise-edr/items/3327
https://geoconnex.us/wwdh/rise/3328,https://api.wwdh.internetofwater.app/collections/rise-edr/items/3328
https://geoconnex.us/wwdh/rise/3329,https://api.wwdh.internetofwater.app/collections/rise-edr/items/3329
https://geoconnex.us/wwdh/rise/3330,https://api.wwdh.internetofwater.app/collections/rise-edr/items/3330
https://geoconnex.us/wwdh/rise/3331,https://api.wwdh.internetofwater.app/collections/rise-edr/items/3331
https://geoconnex.us/wwdh/rise/3332,https://api.wwdh.internetofwater.app/collections/rise-edr/items/3332
https://geoconnex.us/wwdh/rise/3333,https://api.wwdh.internetofwater.app/collections/rise-edr/items/3333
https://geoconnex.us/wwdh/rise/3334,https://api.wwdh.internetofwater.app/collections/rise-edr/items/3334
https://geoconnex.us/wwdh/rise/3337,https://api.wwdh.internetofwater.app/collections/rise-edr/items/3337
https://geoconnex.us/wwdh/rise/3338,https://api.wwdh.internetofwater.app/collections/rise-edr/items/3338
https://geoconnex.us/wwdh/rise/3339,https://api.wwdh.internetofwater.app/collections/rise-edr/items/3339
https://geoconnex.us/wwdh/rise/3340,https://api.wwdh.internetofwater.app/collections/rise-edr/items/3340
https://geoconnex.us/wwdh/rise/3341,https://api.wwdh.internetofwater.app/collections/rise-edr/items/3341
https://geoconnex.us/wwdh/rise/3342,https://api.wwdh.internetofwater.app/collections/rise-edr/items/3342
https://geoconnex.us/wwdh/rise/3343,https://api.wwdh.internetofwater.app/collections/rise-edr/items/3343
https://geoconnex.us/wwdh/rise/3344,https://api.wwdh.internetofwater.app/collections/rise-edr/items/3344
https://geoconnex.us/wwdh/rise/3345,https://api.wwdh.internetofwater.app/collections/rise-edr/items/3345
https://geoconnex.us/wwdh/rise/3346,https://api.wwdh.internetofwater.app/collections/rise-edr/items/3346
https://geoconnex.us/wwdh/rise/3347,https://api.wwdh.internetofwater.app/collections/rise-edr/items/3347
https://geoconnex.us/wwdh/rise/3348,https://api.wwdh.internetofwater.app/collections/rise-edr/items/3348
https://geoconnex.us/wwdh/rise/3349,https://api.wwdh.internetofwater.app/collections/rise-edr/items/3349
https://geoconnex.us/wwdh/rise/3350,https://api.wwdh.internetofwater.app/collections/rise-edr/items/3350
https://geoconnex.us/wwdh/rise/3351,https://api.wwdh.internetofwater.app/collections/rise-edr/items/3351
https://geoconnex.us/wwdh/rise/3352,https://api.wwdh.internetofwater.app/collections/rise-edr/items/3352
https://geoconnex.us/wwdh/rise/3353,https://api.wwdh.internetofwater.app/collections/rise-edr/items/3353
https://geoconnex.us/wwdh/rise/3354,https://api.wwdh.internetofwater.app/collections/rise-edr/items/3354
https://geoconnex.us/wwdh/rise/3355,https://api.wwdh.internetofwater.app/collections/rise-edr/items/3355
https://geoconnex.us/wwdh/rise/3356,https://api.wwdh.internetofwater.app/collections/rise-edr/items/3356
https://geoconnex.us/wwdh/rise/3357,https://api.wwdh.internetofwater.app/collections/rise-edr/items/3357
https://geoconnex.us/wwdh/rise/3358,https://api.wwdh.internetofwater.app/collections/rise-edr/items/3358
https://geoconnex.us/wwdh/rise/3359,https://api.wwdh.internetofwater.app/collections/rise-edr/items/3359
https://geoconnex.us/wwdh/rise/3360,https://api.wwdh.internetofwater.app/collections/rise-edr/items/3360
https://geoconnex.us/wwdh/rise/3361,https://api.wwdh.internetofwater.app/collections/rise-edr/items/3361
https://geoconnex.us/wwdh/rise/3362,https://api.wwdh.internetofwater.app/collections/rise-edr/items/3362
https://geoconnex.us/wwdh/rise/3363,https://api.wwdh.internetofwater.app/collections/rise-edr/items/3363
https://geoconnex.us/wwdh/rise/3364,https://api.wwdh.internetofwater.app/collections/rise-edr/items/3364
https://geoconnex.us/wwdh/rise/3365,https://api.wwdh.internetofwater.app/collections/rise-edr/items/3365
https://geoconnex.us/wwdh/rise/3366,https://api.wwdh.internetofwater.app/collections/rise-edr/items/3366
https://geoconnex.us/wwdh/rise/3367,https://api.wwdh.internetofwater.app/collections/rise-edr/items/3367
https://geoconnex.us/wwdh/rise/3368,https://api.wwdh.internetofwater.app/collections/rise-edr/items/3368
https://geoconnex.us/wwdh/rise/3369,https://api.wwdh.internetofwater.app/collections/rise-edr/items/3369
https://geoconnex.us/wwdh/rise/3370,https://api.wwdh.internetofwater.app/collections/rise-edr/items/3370
https://geoconnex.us/wwdh/rise/3371,https://api.wwdh.internetofwater.app/collections/rise-edr/items/3371
https://geoconnex.us/wwdh/rise/3372,https://api.wwdh.internetofwater.app/collections/rise-edr/items/3372
https://geoconnex.us/wwdh/rise/3373,https://api.wwdh.internetofwater.app/collections/rise-edr/items/3373
https://geoconnex.us/wwdh/rise/3374,https://api.wwdh.internetofwater.app/collections/rise-edr/items/3374
https://geoconnex.us/wwdh/rise/3375,https://api.wwdh.internetofwater.app/collections/rise-edr/items/3375
https://geoconnex.us/wwdh/rise/3376,https://api.wwdh.internetofwater.app/collections/rise-edr/items/3376
https://geoconnex.us/wwdh/rise/3377,https://api.wwdh.internetofwater.app/collections/rise-edr/items/3377
https://geoconnex.us/wwdh/rise/3378,https://api.wwdh.internetofwater.app/collections/rise-edr/items/3378
https://geoconnex.us/wwdh/rise/3379,https://api.wwdh.internetofwater.app/collections/rise-edr/items/3379
https://geoconnex.us/wwdh/rise/3380,https://api.wwdh.internetofwater.app/collections/rise-edr/items/3380
https://geoconnex.us/wwdh/rise/3381,https://api.wwdh.internetofwater.app/collections/rise-edr/items/3381
https://geoconnex.us/wwdh/rise/3382,https://api.wwdh.internetofwater.app/collections/rise-edr/items/3382
https://geoconnex.us/wwdh/rise/3383,https://api.wwdh.internetofwater.app/collections/rise-edr/items/3383
https://geoconnex.us/wwdh/rise/3384,https://api.wwdh.internetofwater.app/collections/rise-edr/items/3384
https://geoconnex.us/wwdh/rise/3385,https://api.wwdh.internetofwater.app/collections/rise-edr/items/3385
https://geoconnex.us/wwdh/rise/3386,https://api.wwdh.internetofwater.app/collections/rise-edr/items/3386
https://geoconnex.us/wwdh/rise/3387,https://api.wwdh.internetofwater.app/collections/rise-edr/items/3387
https://geoconnex.us/wwdh/rise/3388,https://api.wwdh.internetofwater.app/collections/rise-edr/items/3388
https://geoconnex.us/wwdh/rise/3389,https://api.wwdh.internetofwater.app/collections/rise-edr/items/3389
https://geoconnex.us/wwdh/rise/3390,https://api.wwdh.internetofwater.app/collections/rise-edr/items/3390
https://geoconnex.us/wwdh/rise/3391,https://api.wwdh.internetofwater.app/collections/rise-edr/items/3391
https://geoconnex.us/wwdh/rise/3392,https://api.wwdh.internetofwater.app/collections/rise-edr/items/3392
https://geoconnex.us/wwdh/rise/3393,https://api.wwdh.internetofwater.app/collections/rise-edr/items/3393
https://geoconnex.us/wwdh/rise/3394,https://api.wwdh.internetofwater.app/collections/rise-edr/items/3394
https://geoconnex.us/wwdh/rise/3395,https://api.wwdh.internetofwater.app/collections/rise-edr/items/3395
https://geoconnex.us/wwdh/rise/3396,https://api.wwdh.internetofwater.app/collections/rise-edr/items/3396
https://geoconnex.us/wwdh/rise/3397,https://api.wwdh.internetofwater.app/collections/rise-edr/items/3397
https://geoconnex.us/wwdh/rise/3398,https://api.wwdh.internetofwater.app/collections/rise-edr/items/3398
https://geoconnex.us/wwdh/rise/3399,https://api.wwdh.internetofwater.app/collections/rise-edr/items/3399
https://geoconnex.us/wwdh/rise/3400,https://api.wwdh.internetofwater.app/collections/rise-edr/items/3400
https://geoconnex.us/wwdh/rise/3401,https://api.wwdh.internetofwater.app/collections/rise-edr/items/3401
https://geoconnex.us/wwdh/rise/3402,https://api.wwdh.internetofwater.app/collections/rise-edr/items/3402
https://geoconnex.us/wwdh/rise/3403,https://api.wwdh.internetofwater.app/collections/rise-edr/items/3403
https://geoconnex.us/wwdh/rise/3404,https://api.wwdh.internetofwater.app/collections/rise-edr/items/3404
https://geoconnex.us/wwdh/rise/3405,https://api.wwdh.internetofwater.app/collections/rise-edr/items/3405
https://geoconnex.us/wwdh/rise/3406,https://api.wwdh.internetofwater.app/collections/rise-edr/items/3406
https://geoconnex.us/wwdh/rise/3407,https://api.wwdh.internetofwater.app/collections/rise-edr/items/3407
https://geoconnex.us/wwdh/rise/3408,https://api.wwdh.internetofwater.app/collections/rise-edr/items/3408
https://geoconnex.us/wwdh/rise/3409,https://api.wwdh.internetofwater.app/collections/rise-edr/items/3409
https://geoconnex.us/wwdh/rise/3410,https://api.wwdh.internetofwater.app/collections/rise-edr/items/3410
https://geoconnex.us/wwdh/rise/3411,https://api.wwdh.internetofwater.app/collections/rise-edr/items/3411
https://geoconnex.us/wwdh/rise/3412,https://api.wwdh.internetofwater.app/collections/rise-edr/items/3412
https://geoconnex.us/wwdh/rise/3413,https://api.wwdh.internetofwater.app/collections/rise-edr/items/3413
https://geoconnex.us/wwdh/rise/3414,https://api.wwdh.internetofwater.app/collections/rise-edr/items/3414
https://geoconnex.us/wwdh/rise/3415,https://api.wwdh.internetofwater.app/collections/rise-edr/items/3415
https://geoconnex.us/wwdh/rise/3416,https://api.wwdh.internetofwater.app/collections/rise-edr/items/3416
https://geoconnex.us/wwdh/rise/3417,https://api.wwdh.internetofwater.app/collections/rise-edr/items/3417
https://geoconnex.us/wwdh/rise/3418,https://api.wwdh.internetofwater.app/collections/rise-edr/items/3418
https://geoconnex.us/wwdh/rise/3419,https://api.wwdh.internetofwater.app/collections/rise-edr/items/3419
https://geoconnex.us/wwdh/rise/3420,https://api.wwdh.internetofwater.app/collections/rise-edr/items/3420
https://geoconnex.us/wwdh/rise/3421,https://api.wwdh.internetofwater.app/collections/rise-edr/items/3421
https://geoconnex.us/wwdh/rise/3422,https://api.wwdh.internetofwater.app/collections/rise-edr/items/3422
https://geoconnex.us/wwdh/rise/3423,https://api.wwdh.internetofwater.app/collections/rise-edr/items/3423
https://geoconnex.us/wwdh/rise/3424,https://api.wwdh.internetofwater.app/collections/rise-edr/items/3424
https://geoconnex.us/wwdh/rise/3425,https://api.wwdh.internetofwater.app/collections/rise-edr/items/3425
https://geoconnex.us/wwdh/rise/3426,https://api.wwdh.internetofwater.app/collections/rise-edr/items/3426
https://geoconnex.us/wwdh/rise/3427,https://api.wwdh.internetofwater.app/collections/rise-edr/items/3427
https://geoconnex.us/wwdh/rise/3428,https://api.wwdh.internetofwater.app/collections/rise-edr/items/3428
https://geoconnex.us/wwdh/rise/3429,https://api.wwdh.internetofwater.app/collections/rise-edr/items/3429
https://geoconnex.us/wwdh/rise/3430,https://api.wwdh.internetofwater.app/collections/rise-edr/items/3430
https://geoconnex.us/wwdh/rise/3431,https://api.wwdh.internetofwater.app/collections/rise-edr/items/3431
https://geoconnex.us/wwdh/rise/3432,https://api.wwdh.internetofwater.app/collections/rise-edr/items/3432
https://geoconnex.us/wwdh/rise/3433,https://api.wwdh.internetofwater.app/collections/rise-edr/items/3433
https://geoconnex.us/wwdh/rise/3434,https://api.wwdh.internetofwater.app/collections/rise-edr/items/3434
https://geoconnex.us/wwdh/rise/3435,https://api.wwdh.internetofwater.app/collections/rise-edr/items/3435
https://geoconnex.us/wwdh/rise/3436,https://api.wwdh.internetofwater.app/collections/rise-edr/items/3436
https://geoconnex.us/wwdh/rise/3437,https://api.wwdh.internetofwater.app/collections/rise-edr/items/3437
https://geoconnex.us/wwdh/rise/3438,https://api.wwdh.internetofwater.app/collections/rise-edr/items/3438
https://geoconnex.us/wwdh/rise/3439,https://api.wwdh.internetofwater.app/collections/rise-edr/items/3439
https://geoconnex.us/wwdh/rise/3441,https://api.wwdh.internetofwater.app/collections/rise-edr/items/3441
https://geoconnex.us/wwdh/rise/3442,https://api.wwdh.internetofwater.app/collections/rise-edr/items/3442
https://geoconnex.us/wwdh/rise/3443,https://api.wwdh.internetofwater.app/collections/rise-edr/items/3443
https://geoconnex.us/wwdh/rise/3444,https://api.wwdh.internetofwater.app/collections/rise-edr/items/3444
https://geoconnex.us/wwdh/rise/3445,https://api.wwdh.internetofwater.app/collections/rise-edr/items/3445
https://geoconnex.us/wwdh/rise/3446,https://api.wwdh.internetofwater.app/collections/rise-edr/items/3446
https://geoconnex.us/wwdh/rise/3447,https://api.wwdh.internetofwater.app/collections/rise-edr/items/3447
https://geoconnex.us/wwdh/rise/3448,https://api.wwdh.internetofwater.app/collections/rise-edr/items/3448
https://geoconnex.us/wwdh/rise/3449,https://api.wwdh.internetofwater.app/collections/rise-edr/items/3449
https://geoconnex.us/wwdh/rise/3450,https://api.wwdh.internetofwater.app/collections/rise-edr/items/3450
https://geoconnex.us/wwdh/rise/3451,https://api.wwdh.internetofwater.app/collections/rise-edr/items/3451
https://geoconnex.us/wwdh/rise/3452,https://api.wwdh.internetofwater.app/collections/rise-edr/items/3452
https://geoconnex.us/wwdh/rise/3459,https://api.wwdh.internetofwater.app/collections/rise-edr/items/3459
https://geoconnex.us/wwdh/rise/3460,https://api.wwdh.internetofwater.app/collections/rise-edr/items/3460
https://geoconnex.us/wwdh/rise/3461,https://api.wwdh.internetofwater.app/collections/rise-edr/items/3461
https://geoconnex.us/wwdh/rise/3462,https://api.wwdh.internetofwater.app/collections/rise-edr/items/3462
https://geoconnex.us/wwdh/rise/3463,https://api.wwdh.internetofwater.app/collections/rise-edr/items/3463
https://geoconnex.us/wwdh/rise/3464,https://api.wwdh.internetofwater.app/collections/rise-edr/items/3464
https://geoconnex.us/wwdh/rise/3465,https://api.wwdh.internetofwater.app/collections/rise-edr/items/3465
https://geoconnex.us/wwdh/rise/3466,https://api.wwdh.internetofwater.app/collections/rise-edr/items/3466
https://geoconnex.us/wwdh/rise/3467,https://api.wwdh.internetofwater.app/collections/rise-edr/items/3467
https://geoconnex.us/wwdh/rise/3468,https://api.wwdh.internetofwater.app/collections/rise-edr/items/3468
https://geoconnex.us/wwdh/rise/3477,https://api.wwdh.internetofwater.app/collections/rise-edr/items/3477
https://geoconnex.us/wwdh/rise/3478,https://api.wwdh.internetofwater.app/collections/rise-edr/items/3478
https://geoconnex.us/wwdh/rise/3479,https://api.wwdh.internetofwater.app/collections/rise-edr/items/3479
https://geoconnex.us/wwdh/rise/3480,https://api.wwdh.internetofwater.app/collections/rise-edr/items/3480
https://geoconnex.us/wwdh/rise/3481,https://api.wwdh.internetofwater.app/collections/rise-edr/items/3481
https://geoconnex.us/wwdh/rise/3482,https://api.wwdh.internetofwater.app/collections/rise-edr/items/3482
https://geoconnex.us/wwdh/rise/3483,https://api.wwdh.internetofwater.app/collections/rise-edr/items/3483
https://geoconnex.us/wwdh/rise/3484,https://api.wwdh.internetofwater.app/collections/rise-edr/items/3484
https://geoconnex.us/wwdh/rise/3485,https://api.wwdh.internetofwater.app/collections/rise-edr/items/3485
https://geoconnex.us/wwdh/rise/3486,https://api.wwdh.internetofwater.app/collections/rise-edr/items/3486
https://geoconnex.us/wwdh/rise/3487,https://api.wwdh.internetofwater.app/collections/rise-edr/items/3487
https://geoconnex.us/wwdh/rise/3488,https://api.wwdh.internetofwater.app/collections/rise-edr/items/3488
https://geoconnex.us/wwdh/rise/3489,https://api.wwdh.internetofwater.app/collections/rise-edr/items/3489
https://geoconnex.us/wwdh/rise/3490,https://api.wwdh.internetofwater.app/collections/rise-edr/items/3490
https://geoconnex.us/wwdh/rise/3491,https://api.wwdh.internetofwater.app/collections/rise-edr/items/3491
https://geoconnex.us/wwdh/rise/3492,https://api.wwdh.internetofwater.app/collections/rise-edr/items/3492
https://geoconnex.us/wwdh/rise/3494,https://api.wwdh.internetofwater.app/collections/rise-edr/items/3494
https://geoconnex.us/wwdh/rise/3495,https://api.wwdh.internetofwater.app/collections/rise-edr/items/3495
https://geoconnex.us/wwdh/rise/3496,https://api.wwdh.internetofwater.app/collections/rise-edr/items/3496
https://geoconnex.us/wwdh/rise/3497,https://api.wwdh.internetofwater.app/collections/rise-edr/items/3497
https://geoconnex.us/wwdh/rise/3498,https://api.wwdh.internetofwater.app/collections/rise-edr/items/3498
https://geoconnex.us/wwdh/rise/3499,https://api.wwdh.internetofwater.app/collections/rise-edr/items/3499
https://geoconnex.us/wwdh/rise/3500,https://api.wwdh.internetofwater.app/collections/rise-edr/items/3500
https://geoconnex.us/wwdh/rise/3510,https://api.wwdh.internetofwater.app/collections/rise-edr/items/3510
https://geoconnex.us/wwdh/rise/3511,https://api.wwdh.internetofwater.app/collections/rise-edr/items/3511
https://geoconnex.us/wwdh/rise/3512,https://api.wwdh.internetofwater.app/collections/rise-edr/items/3512
https://geoconnex.us/wwdh/rise/3513,https://api.wwdh.internetofwater.app/collections/rise-edr/items/3513
https://geoconnex.us/wwdh/rise/3514,https://api.wwdh.internetofwater.app/collections/rise-edr/items/3514
https://geoconnex.us/wwdh/rise/3515,https://api.wwdh.internetofwater.app/collections/rise-edr/items/3515
https://geoconnex.us/wwdh/rise/3516,https://api.wwdh.internetofwater.app/collections/rise-edr/items/3516
https://geoconnex.us/wwdh/rise/3517,https://api.wwdh.internetofwater.app/collections/rise-edr/items/3517
https://geoconnex.us/wwdh/rise/3518,https://api.wwdh.internetofwater.app/collections/rise-edr/items/3518
https://geoconnex.us/wwdh/rise/3519,https://api.wwdh.internetofwater.app/collections/rise-edr/items/3519
https://geoconnex.us/wwdh/rise/3520,https://api.wwdh.internetofwater.app/collections/rise-edr/items/3520
https://geoconnex.us/wwdh/rise/3521,https://api.wwdh.internetofwater.app/collections/rise-edr/items/3521
https://geoconnex.us/wwdh/rise/3522,https://api.wwdh.internetofwater.app/collections/rise-edr/items/3522
https://geoconnex.us/wwdh/rise/3523,https://api.wwdh.internetofwater.app/collections/rise-edr/items/3523
https://geoconnex.us/wwdh/rise/3524,https://api.wwdh.internetofwater.app/collections/rise-edr/items/3524
https://geoconnex.us/wwdh/rise/3525,https://api.wwdh.internetofwater.app/collections/rise-edr/items/3525
https://geoconnex.us/wwdh/rise/3526,https://api.wwdh.internetofwater.app/collections/rise-edr/items/3526
https://geoconnex.us/wwdh/rise/3530,https://api.wwdh.internetofwater.app/collections/rise-edr/items/3530
https://geoconnex.us/wwdh/rise/3531,https://api.wwdh.internetofwater.app/collections/rise-edr/items/3531
https://geoconnex.us/wwdh/rise/3532,https://api.wwdh.internetofwater.app/collections/rise-edr/items/3532
https://geoconnex.us/wwdh/rise/3533,https://api.wwdh.internetofwater.app/collections/rise-edr/items/3533
https://geoconnex.us/wwdh/rise/3534,https://api.wwdh.internetofwater.app/collections/rise-edr/items/3534
https://geoconnex.us/wwdh/rise/3535,https://api.wwdh.internetofwater.app/collections/rise-edr/items/3535
https://geoconnex.us/wwdh/rise/3536,https://api.wwdh.internetofwater.app/collections/rise-edr/items/3536
https://geoconnex.us/wwdh/rise/3537,https://api.wwdh.internetofwater.app/collections/rise-edr/items/3537
https://geoconnex.us/wwdh/rise/3538,https://api.wwdh.internetofwater.app/collections/rise-edr/items/3538
https://geoconnex.us/wwdh/rise/3539,https://api.wwdh.internetofwater.app/collections/rise-edr/items/3539
https://geoconnex.us/wwdh/rise/3540,https://api.wwdh.internetofwater.app/collections/rise-edr/items/3540
https://geoconnex.us/wwdh/rise/3541,https://api.wwdh.internetofwater.app/collections/rise-edr/items/3541
https://geoconnex.us/wwdh/rise/3542,https://api.wwdh.internetofwater.app/collections/rise-edr/items/3542
https://geoconnex.us/wwdh/rise/3543,https://api.wwdh.internetofwater.app/collections/rise-edr/items/3543
https://geoconnex.us/wwdh/rise/3544,https://api.wwdh.internetofwater.app/collections/rise-edr/items/3544
https://geoconnex.us/wwdh/rise/3545,https://api.wwdh.internetofwater.app/collections/rise-edr/items/3545
https://geoconnex.us/wwdh/rise/3546,https://api.wwdh.internetofwater.app/collections/rise-edr/items/3546
https://geoconnex.us/wwdh/rise/3547,https://api.wwdh.internetofwater.app/collections/rise-edr/items/3547
https://geoconnex.us/wwdh/rise/3548,https://api.wwdh.internetofwater.app/collections/rise-edr/items/3548
https://geoconnex.us/wwdh/rise/3549,https://api.wwdh.internetofwater.app/collections/rise-edr/items/3549
https://geoconnex.us/wwdh/rise/3550,https://api.wwdh.internetofwater.app/collections/rise-edr/items/3550
https://geoconnex.us/wwdh/rise/3551,https://api.wwdh.internetofwater.app/collections/rise-edr/items/3551
https://geoconnex.us/wwdh/rise/3552,https://api.wwdh.internetofwater.app/collections/rise-edr/items/3552
https://geoconnex.us/wwdh/rise/3553,https://api.wwdh.internetofwater.app/collections/rise-edr/items/3553
https://geoconnex.us/wwdh/rise/3554,https://api.wwdh.internetofwater.app/collections/rise-edr/items/3554
https://geoconnex.us/wwdh/rise/3555,https://api.wwdh.internetofwater.app/collections/rise-edr/items/3555
https://geoconnex.us/wwdh/rise/3556,https://api.wwdh.internetofwater.app/collections/rise-edr/items/3556
https://geoconnex.us/wwdh/rise/3557,https://api.wwdh.internetofwater.app/collections/rise-edr/items/3557
https://geoconnex.us/wwdh/rise/3558,https://api.wwdh.internetofwater.app/collections/rise-edr/items/3558
https://geoconnex.us/wwdh/rise/3559,https://api.wwdh.internetofwater.app/collections/rise-edr/items/3559
https://geoconnex.us/wwdh/rise/3560,https://api.wwdh.internetofwater.app/collections/rise-edr/items/3560
https://geoconnex.us/wwdh/rise/3561,https://api.wwdh.internetofwater.app/collections/rise-edr/items/3561
https://geoconnex.us/wwdh/rise/3562,https://api.wwdh.internetofwater.app/collections/rise-edr/items/3562
https://geoconnex.us/wwdh/rise/3563,https://api.wwdh.internetofwater.app/collections/rise-edr/items/3563
https://geoconnex.us/wwdh/rise/3564,https://api.wwdh.internetofwater.app/collections/rise-edr/items/3564
https://geoconnex.us/wwdh/rise/3565,https://api.wwdh.internetofwater.app/collections/rise-edr/items/3565
https://geoconnex.us/wwdh/rise/3566,https://api.wwdh.internetofwater.app/collections/rise-edr/items/3566
https://geoconnex.us/wwdh/rise/3567,https://api.wwdh.internetofwater.app/collections/rise-edr/items/3567
https://geoconnex.us/wwdh/rise/3568,https://api.wwdh.internetofwater.app/collections/rise-edr/items/3568
https://geoconnex.us/wwdh/rise/3569,https://api.wwdh.internetofwater.app/collections/rise-edr/items/3569
https://geoconnex.us/wwdh/rise/3570,https://api.wwdh.internetofwater.app/collections/rise-edr/items/3570
https://geoconnex.us/wwdh/rise/3571,https://api.wwdh.internetofwater.app/collections/rise-edr/items/3571
https://geoconnex.us/wwdh/rise/3572,https://api.wwdh.internetofwater.app/collections/rise-edr/items/3572
https://geoconnex.us/wwdh/rise/3573,https://api.wwdh.internetofwater.app/collections/rise-edr/items/3573
https://geoconnex.us/wwdh/rise/3574,https://api.wwdh.internetofwater.app/collections/rise-edr/items/3574
https://geoconnex.us/wwdh/rise/3575,https://api.wwdh.internetofwater.app/collections/rise-edr/items/3575
https://geoconnex.us/wwdh/rise/3576,https://api.wwdh.internetofwater.app/collections/rise-edr/items/3576
https://geoconnex.us/wwdh/rise/3577,https://api.wwdh.internetofwater.app/collections/rise-edr/items/3577
https://geoconnex.us/wwdh/rise/3578,https://api.wwdh.internetofwater.app/collections/rise-edr/items/3578
https://geoconnex.us/wwdh/rise/3579,https://api.wwdh.internetofwater.app/collections/rise-edr/items/3579
https://geoconnex.us/wwdh/rise/3580,https://api.wwdh.internetofwater.app/collections/rise-edr/items/3580
https://geoconnex.us/wwdh/rise/3581,https://api.wwdh.internetofwater.app/collections/rise-edr/items/3581
https://geoconnex.us/wwdh/rise/3582,https://api.wwdh.internetofwater.app/collections/rise-edr/items/3582
https://geoconnex.us/wwdh/rise/3583,https://api.wwdh.internetofwater.app/collections/rise-edr/items/3583
https://geoconnex.us/wwdh/rise/3584,https://api.wwdh.internetofwater.app/collections/rise-edr/items/3584
https://geoconnex.us/wwdh/rise/3585,https://api.wwdh.internetofwater.app/collections/rise-edr/items/3585
https://geoconnex.us/wwdh/rise/3586,https://api.wwdh.internetofwater.app/collections/rise-edr/items/3586
https://geoconnex.us/wwdh/rise/3587,https://api.wwdh.internetofwater.app/collections/rise-edr/items/3587
https://geoconnex.us/wwdh/rise/3588,https://api.wwdh.internetofwater.app/collections/rise-edr/items/3588
https://geoconnex.us/wwdh/rise/3589,https://api.wwdh.internetofwater.app/collections/rise-edr/items/3589
https://geoconnex.us/wwdh/rise/3590,https://api.wwdh.internetofwater.app/collections/rise-edr/items/3590
https://geoconnex.us/wwdh/rise/3591,https://api.wwdh.internetofwater.app/collections/rise-edr/items/3591
https://geoconnex.us/wwdh/rise/3592,https://api.wwdh.internetofwater.app/collections/rise-edr/items/3592
https://geoconnex.us/wwdh/rise/3593,https://api.wwdh.internetofwater.app/collections/rise-edr/items/3593
https://geoconnex.us/wwdh/rise/3594,https://api.wwdh.internetofwater.app/collections/rise-edr/items/3594
https://geoconnex.us/wwdh/rise/3595,https://api.wwdh.internetofwater.app/collections/rise-edr/items/3595
https://geoconnex.us/wwdh/rise/3596,https://api.wwdh.internetofwater.app/collections/rise-edr/items/3596
https://geoconnex.us/wwdh/rise/3597,https://api.wwdh.internetofwater.app/collections/rise-edr/items/3597
https://geoconnex.us/wwdh/rise/3599,https://api.wwdh.internetofwater.app/collections/rise-edr/items/3599
https://geoconnex.us/wwdh/rise/3600,https://api.wwdh.internetofwater.app/collections/rise-edr/items/3600
https://geoconnex.us/wwdh/rise/3603,https://api.wwdh.internetofwater.app/collections/rise-edr/items/3603
https://geoconnex.us/wwdh/rise/3604,https://api.wwdh.internetofwater.app/collections/rise-edr/items/3604
https://geoconnex.us/wwdh/rise/3605,https://api.wwdh.internetofwater.app/collections/rise-edr/items/3605
https://geoconnex.us/wwdh/rise/3606,https://api.wwdh.internetofwater.app/collections/rise-edr/items/3606
https://geoconnex.us/wwdh/rise/3609,https://api.wwdh.internetofwater.app/collections/rise-edr/items/3609
https://geoconnex.us/wwdh/rise/3610,https://api.wwdh.internetofwater.app/collections/rise-edr/items/3610
https://geoconnex.us/wwdh/rise/3611,https://api.wwdh.internetofwater.app/collections/rise-edr/items/3611
https://geoconnex.us/wwdh/rise/3613,https://api.wwdh.internetofwater.app/collections/rise-edr/items/3613
https://geoconnex.us/wwdh/rise/3618,https://api.wwdh.internetofwater.app/collections/rise-edr/items/3618
https://geoconnex.us/wwdh/rise/3619,https://api.wwdh.internetofwater.app/collections/rise-edr/items/3619
https://geoconnex.us/wwdh/rise/3620,https://api.wwdh.internetofwater.app/collections/rise-edr/items/3620
https://geoconnex.us/wwdh/rise/3624,https://api.wwdh.internetofwater.app/collections/rise-edr/items/3624
https://geoconnex.us/wwdh/rise/3626,https://api.wwdh.internetofwater.app/collections/rise-edr/items/3626
https://geoconnex.us/wwdh/rise/3631,https://api.wwdh.internetofwater.app/collections/rise-edr/items/3631
https://geoconnex.us/wwdh/rise/3632,https://api.wwdh.internetofwater.app/collections/rise-edr/items/3632
https://geoconnex.us/wwdh/rise/3633,https://api.wwdh.internetofwater.app/collections/rise-edr/items/3633
https://geoconnex.us/wwdh/rise/3634,https://api.wwdh.internetofwater.app/collections/rise-edr/items/3634
https://geoconnex.us/wwdh/rise/3636,https://api.wwdh.internetofwater.app/collections/rise-edr/items/3636
https://geoconnex.us/wwdh/rise/3637,https://api.wwdh.internetofwater.app/collections/rise-edr/items/3637
https://geoconnex.us/wwdh/rise/3638,https://api.wwdh.internetofwater.app/collections/rise-edr/items/3638
https://geoconnex.us/wwdh/rise/3639,https://api.wwdh.internetofwater.app/collections/rise-edr/items/3639
https://geoconnex.us/wwdh/rise/3640,https://api.wwdh.internetofwater.app/collections/rise-edr/items/3640
https://geoconnex.us/wwdh/rise/3641,https://api.wwdh.internetofwater.app/collections/rise-edr/items/3641
https://geoconnex.us/wwdh/rise/3642,https://api.wwdh.internetofwater.app/collections/rise-edr/items/3642
https://geoconnex.us/wwdh/rise/3643,https://api.wwdh.internetofwater.app/collections/rise-edr/items/3643
https://geoconnex.us/wwdh/rise/3644,https://api.wwdh.internetofwater.app/collections/rise-edr/items/3644
https://geoconnex.us/wwdh/rise/3645,https://api.wwdh.internetofwater.app/collections/rise-edr/items/3645
https://geoconnex.us/wwdh/rise/3646,https://api.wwdh.internetofwater.app/collections/rise-edr/items/3646
https://geoconnex.us/wwdh/rise/3647,https://api.wwdh.internetofwater.app/collections/rise-edr/items/3647
https://geoconnex.us/wwdh/rise/3648,https://api.wwdh.internetofwater.app/collections/rise-edr/items/3648
https://geoconnex.us/wwdh/rise/3649,https://api.wwdh.internetofwater.app/collections/rise-edr/items/3649
https://geoconnex.us/wwdh/rise/3650,https://api.wwdh.internetofwater.app/collections/rise-edr/items/3650
https://geoconnex.us/wwdh/rise/3651,https://api.wwdh.internetofwater.app/collections/rise-edr/items/3651
https://geoconnex.us/wwdh/rise/3652,https://api.wwdh.internetofwater.app/collections/rise-edr/items/3652
https://geoconnex.us/wwdh/rise/3653,https://api.wwdh.internetofwater.app/collections/rise-edr/items/3653
https://geoconnex.us/wwdh/rise/3654,https://api.wwdh.internetofwater.app/collections/rise-edr/items/3654
https://geoconnex.us/wwdh/rise/3656,https://api.wwdh.internetofwater.app/collections/rise-edr/items/3656
https://geoconnex.us/wwdh/rise/3657,https://api.wwdh.internetofwater.app/collections/rise-edr/items/3657
https://geoconnex.us/wwdh/rise/3658,https://api.wwdh.internetofwater.app/collections/rise-edr/items/3658
https://geoconnex.us/wwdh/rise/3659,https://api.wwdh.internetofwater.app/collections/rise-edr/items/3659
https://geoconnex.us/wwdh/rise/3660,https://api.wwdh.internetofwater.app/collections/rise-edr/items/3660
https://geoconnex.us/wwdh/rise/3661,https://api.wwdh.internetofwater.app/collections/rise-edr/items/3661
https://geoconnex.us/wwdh/rise/3662,https://api.wwdh.internetofwater.app/collections/rise-edr/items/3662
https://geoconnex.us/wwdh/rise/3663,https://api.wwdh.internetofwater.app/collections/rise-edr/items/3663
https://geoconnex.us/wwdh/rise/3664,https://api.wwdh.internetofwater.app/collections/rise-edr/items/3664
https://geoconnex.us/wwdh/rise/3665,https://api.wwdh.internetofwater.app/collections/rise-edr/items/3665
https://geoconnex.us/wwdh/rise/3666,https://api.wwdh.internetofwater.app/collections/rise-edr/items/3666
https://geoconnex.us/wwdh/rise/3667,https://api.wwdh.internetofwater.app/collections/rise-edr/items/3667
https://geoconnex.us/wwdh/rise/3668,https://api.wwdh.internetofwater.app/collections/rise-edr/items/3668
https://geoconnex.us/wwdh/rise/3670,https://api.wwdh.internetofwater.app/collections/rise-edr/items/3670
https://geoconnex.us/wwdh/rise/3671,https://api.wwdh.internetofwater.app/collections/rise-edr/items/3671
https://geoconnex.us/wwdh/rise/3672,https://api.wwdh.internetofwater.app/collections/rise-edr/items/3672
https://geoconnex.us/wwdh/rise/3673,https://api.wwdh.internetofwater.app/collections/rise-edr/items/3673
https://geoconnex.us/wwdh/rise/3674,https://api.wwdh.internetofwater.app/collections/rise-edr/items/3674
https://geoconnex.us/wwdh/rise/3675,https://api.wwdh.internetofwater.app/collections/rise-edr/items/3675
https://geoconnex.us/wwdh/rise/3676,https://api.wwdh.internetofwater.app/collections/rise-edr/items/3676
https://geoconnex.us/wwdh/rise/3677,https://api.wwdh.internetofwater.app/collections/rise-edr/items/3677
https://geoconnex.us/wwdh/rise/3679,https://api.wwdh.internetofwater.app/collections/rise-edr/items/3679
https://geoconnex.us/wwdh/rise/3682,https://api.wwdh.internetofwater.app/collections/rise-edr/items/3682
https://geoconnex.us/wwdh/rise/3683,https://api.wwdh.internetofwater.app/collections/rise-edr/items/3683
https://geoconnex.us/wwdh/rise/3684,https://api.wwdh.internetofwater.app/collections/rise-edr/items/3684
https://geoconnex.us/wwdh/rise/3685,https://api.wwdh.internetofwater.app/collections/rise-edr/items/3685
https://geoconnex.us/wwdh/rise/3688,https://api.wwdh.internetofwater.app/collections/rise-edr/items/3688
https://geoconnex.us/wwdh/rise/3689,https://api.wwdh.internetofwater.app/collections/rise-edr/items/3689
https://geoconnex.us/wwdh/rise/3690,https://api.wwdh.internetofwater.app/collections/rise-edr/items/3690
https://geoconnex.us/wwdh/rise/3691,https://api.wwdh.internetofwater.app/collections/rise-edr/items/3691
https://geoconnex.us/wwdh/rise/3692,https://api.wwdh.internetofwater.app/collections/rise-edr/items/3692
https://geoconnex.us/wwdh/rise/3694,https://api.wwdh.internetofwater.app/collections/rise-edr/items/3694
https://geoconnex.us/wwdh/rise/3695,https://api.wwdh.internetofwater.app/collections/rise-edr/items/3695
https://geoconnex.us/wwdh/rise/3702,https://api.wwdh.internetofwater.app/collections/rise-edr/items/3702
https://geoconnex.us/wwdh/rise/3703,https://api.wwdh.internetofwater.app/collections/rise-edr/items/3703
https://geoconnex.us/wwdh/rise/3704,https://api.wwdh.internetofwater.app/collections/rise-edr/items/3704
https://geoconnex.us/wwdh/rise/3705,https://api.wwdh.internetofwater.app/collections/rise-edr/items/3705
https://geoconnex.us/wwdh/rise/3706,https://api.wwdh.internetofwater.app/collections/rise-edr/items/3706
https://geoconnex.us/wwdh/rise/3707,https://api.wwdh.internetofwater.app/collections/rise-edr/items/3707
https://geoconnex.us/wwdh/rise/3708,https://api.wwdh.internetofwater.app/collections/rise-edr/items/3708
https://geoconnex.us/wwdh/rise/3709,https://api.wwdh.internetofwater.app/collections/rise-edr/items/3709
https://geoconnex.us/wwdh/rise/3711,https://api.wwdh.internetofwater.app/collections/rise-edr/items/3711
https://geoconnex.us/wwdh/rise/3712,https://api.wwdh.internetofwater.app/collections/rise-edr/items/3712
https://geoconnex.us/wwdh/rise/3714,https://api.wwdh.internetofwater.app/collections/rise-edr/items/3714
https://geoconnex.us/wwdh/rise/3715,https://api.wwdh.internetofwater.app/collections/rise-edr/items/3715
https://geoconnex.us/wwdh/rise/3716,https://api.wwdh.internetofwater.app/collections/rise-edr/items/3716
https://geoconnex.us/wwdh/rise/3717,https://api.wwdh.internetofwater.app/collections/rise-edr/items/3717
https://geoconnex.us/wwdh/rise/3730,https://api.wwdh.internetofwater.app/collections/rise-edr/items/3730
https://geoconnex.us/wwdh/rise/3734,https://api.wwdh.internetofwater.app/collections/rise-edr/items/3734
https://geoconnex.us/wwdh/rise/3735,https://api.wwdh.internetofwater.app/collections/rise-edr/items/3735
https://geoconnex.us/wwdh/rise/3736,https://api.wwdh.internetofwater.app/collections/rise-edr/items/3736
https://geoconnex.us/wwdh/rise/5306,https://api.wwdh.internetofwater.app/collections/rise-edr/items/5306
https://geoconnex.us/wwdh/rise/5308,https://api.wwdh.internetofwater.app/collections/rise-edr/items/5308
https://geoconnex.us/wwdh/rise/5309,https://api.wwdh.internetofwater.app/collections/rise-edr/items/5309
https://geoconnex.us/wwdh/rise/5311,https://api.wwdh.internetofwater.app/collections/rise-edr/items/5311
https://geoconnex.us/wwdh/rise/5315,https://api.wwdh.internetofwater.app/collections/rise-edr/items/5315
https://geoconnex.us/wwdh/rise/5316,https://api.wwdh.internetofwater.app/collections/rise-edr/items/5316
https://geoconnex.us/wwdh/rise/5693,https://api.wwdh.internetofwater.app/collections/rise-edr/items/5693
https://geoconnex.us/wwdh/rise/6811,https://api.wwdh.internetofwater.app/collections/rise-edr/items/6811
https://geoconnex.us/wwdh/rise/6872,https://api.wwdh.internetofwater.app/collections/rise-edr/items/6872
https://geoconnex.us/wwdh/rise/6879,https://api.wwdh.internetofwater.app/collections/rise-edr/items/6879
https://geoconnex.us/wwdh/rise/6880,https://api.wwdh.internetofwater.app/collections/rise-edr/items/6880
https://geoconnex.us/wwdh/rise/6882,https://api.wwdh.internetofwater.app/collections/rise-edr/items/6882
https://geoconnex.us/wwdh/rise/6885,https://api.wwdh.internetofwater.app/collections/rise-edr/items/6885
https://geoconnex.us/wwdh/rise/6888,https://api.wwdh.internetofwater.app/collections/rise-edr/items/6888
https://geoconnex.us/wwdh/rise/6889,https://api.wwdh.internetofwater.app/collections/rise-edr/items/6889
https://geoconnex.us/wwdh/rise/6901,https://api.wwdh.internetofwater.app/collections/rise-edr/items/6901
https://geoconnex.us/wwdh/rise/6902,https://api.wwdh.internetofwater.app/collections/rise-edr/items/6902
https://geoconnex.us/wwdh/rise/7080,https://api.wwdh.internetofwater.app/collections/rise-edr/items/7080
https://geoconnex.us/wwdh/rise/7164,https://api.wwdh.internetofwater.app/collections/rise-edr/items/7164
https://geoconnex.us/wwdh/rise/7165,https://api.wwdh.internetofwater.app/collections/rise-edr/items/7165
https://geoconnex.us/wwdh/rise/7188,https://api.wwdh.internetofwater.app/collections/rise-edr/items/7188
https://geoconnex.us/wwdh/rise/7255,https://api.wwdh.internetofwater.app/collections/rise-edr/items/7255
https://geoconnex.us/wwdh/rise/7291,https://api.wwdh.internetofwater.app/collections/rise-edr/items/7291
